username,level,rating,prestige,games_won,qps_elims,qps_dmg_done,qps_deaths,qps_solo_kills,medals_bronze,medals_silver,medals_gold
Engineer#11884,37,0,0,53,1186,293243,629,198,69,75,78
Engineer#11242,89,0,0,111,2692,834709,1321,254,173,252,207
engineer#31974,66,0,11,1687,35409,9100353,23088,6132,2613,2486,2441
Engineer#31720,38,0,2,70,1488,8127,1023,312,98,93,165
ENGINEER#11633,20,0,0,48,1696,562467,605,462,46,62,143
Engineer#31211,19,0,5,525,11170,1889985,6666,2274,815,857,835
ENGINEER#31592,99,0,6,1931,51482,10044363,21026,8329,2757,3669,4945
Engineer#21757,1,0,3,56,1098,131564,836,241,76,93,69
Engineer#21894,65,0,9,1473,37440,9323089,16677,6889,1993,2437,3189
Engineer#11373,49,0,0,16,277,82719,144,20,25,32,31
Engineer#21122,60,0,0,58,1538,499084,745,190,90,103,122
Engineer#21905,28,0,6,375,6903,752897,5180,1200,499,571,744
engineer#11757,20,0,0,35,577,148193,431,16,37,57,50
deletebot#1951,15,0,0,27,733,258341,245,121,40,49,48
Engineer#11744,30,0,1,99,2597,41207,920,430,107,139,244
Engineer#11502,13,0,0,16,677,217009,179,156,27,35,50
Engineer#21513,31,0,0,60,1895,655969,472,267,50,72,183
tiler#31757,49,3405,3,178,4721,1358719,2205,948,254,266,318
Tiler#11128,62,0,0,90,2731,773816,1058,403,132,181,190
Tiler#31500,65,0,2,154,3518,1040812,1629,741,219,212,198
Tiler#1664,75,0,1,552,14011,1522486,6092,2382,931,957,751
student#31950,27,767,1,165,3163,793874,2673,440,296,279,216
StudenT#21751,63,0,1,436,10782,3085811,5385,1929,745,830,802
actor#21411,6,0,1,122,3139,987835,1330,338,174,219,235
Actor#21668,61,0,6,196,5837,1803756,2808,1068,273,351,432
actor#3622,9,0,4,299,7158,71732,3568,1628,441,524,600
Actor#4356,29,0,0,26,713,232681,316,124,59,62,54
Actor#4355,83,0,0,86,2199,434526,1105,421,120,150,139
Actor#11931,28,0,0,74,2032,607325,698,258,114,127,128
Actor#31284,8,0,1,121,2502,703162,1678,468,198,187,192
Horseman#31412,78,2131,4,570,8142,412750,6921,1029,671,724,1231
Horseman#1537,86,0,8,2352,65059,13590051,28864,8684,3455,4444,5489
Horseman#11680,85,0,7,1018,29522,8948698,9230,3902,1584,1792,1818
HORSEMAN#11299,53,0,0,34,679,203046,453,75,78,73,64
Horseman#11550,24,0,3,185,3871,780200,2796,649,294,280,392
HorseMan#11429,12,0,0,23,756,225475,231,213,16,33,54
HORSEMAN#31927,78,2625,1,353,9424,486521,4217,2250,521,663,696
Horseman#2570,10,0,4,354,9538,1166078,4070,1334,549,789,856
horseman#31284,73,0,1,92,2560,643608,1083,531,120,136,177
Producer#11686,37,2905,4,150,3406,174669,2003,577,208,276,264
Producer#31443,92,0,0,150,3346,900935,2308,607,241,245,246
Producer#11688,42,0,1,100,2288,632806,1273,268,193,178,184
Producer#31312,68,0,1,443,11279,384198,5180,2725,632,786,1046
Producer#31184,13,0,2,142,3849,512245,2174,932,223,237,231
Artist#31415,45,3234,12,147,4315,1180641,1456,789,200,245,257
ARTIST#31654,39,0,3,459,8859,2397860,7274,1590,654,634,725
artist#31542,32,2156,2,110,2635,110910,1359,745,140,197,242
Artist#31414,98,3367,1,235,6098,1654358,2410,1796,325,345,468
ARTIST#31407,92,2217,1,144,3766,925850,1724,667,214,272,243
ARTIST#31142,53,0,17,6200,67362,15706546,60623,4746,5649,6726,10584
Artist#31129,29,2906,9,651,17315,313158,9008,3967,1016,1095,1057
artist#31283,60,2657,0,50,1121,287342,485,252,60,85,71
aRtist#22924,97,2202,0,59,1987,666544,1186,378,113,111,121
Artist#11522,74,2536,3,191,4472,680438,2190,641,291,371,383
Artist#31410,3,0,4,180,4364,677733,2344,1004,306,337,296
ARTIST#31416,84,0,1,65,1782,527282,1100,386,120,136,147
Artist#31786,73,0,2,147,4585,951350,1966,1140,238,267,397
Artist#3665,15,2808,5,144,2957,16585,1406,652,193,238,284
Artist#31664,45,2549,3,630,14327,3919170,8717,2984,990,1077,1052
Artist#31153,92,0,1,98,2481,648466,1241,486,156,156,159
Artist#31661,8,2501,11,1313,29366,5161154,15840,3927,1942,2180,2441
Artist#31911,69,0,1,141,4483,763402,1677,1113,213,267,319
ARTIST#31538,26,0,1,199,4619,1230069,3587,1051,387,417,381
ARTIST#31525,36,2449,1,50,1413,377662,660,404,75,78,84
Artist#31281,76,0,0,67,1560,415258,784,268,107,121,136
ARTIST#31928,28,0,4,584,18196,2231945,7080,3452,815,1134,1669
Artist#11141,20,0,3,424,11131,2352865,5304,2271,637,698,818
Artist#3294,0,0,2,104,2274,121446,1290,505,187,188,171
Artist#31906,35,0,3,74,1845,56661,887,455,119,159,149
Artist#31784,67,0,0,72,2147,548265,951,398,119,135,183
Artist#11663,4,0,0,5,73,15117,7,11,4,8,7
Artist#22653,67,0,1,66,1301,312839,794,147,82,96,105
Artist#31392,95,0,1,77,2231,300772,859,512,100,164,204
Artist#31152,22,0,0,51,1538,434156,606,300,84,96,119
Artist#31910,72,0,0,112,2902,199847,1717,659,198,217,185
ARTist#31141,43,0,0,99,2477,617088,1260,422,163,151,134
Artist#11789,29,0,1,128,4034,1317415,1167,477,204,232,307
Artist#31908,15,0,1,63,1591,223399,651,362,79,110,136
artist#3166,65,0,3,316,8346,179003,3527,1236,366,644,1111
Artist#31909,82,0,0,51,1396,336065,480,379,58,85,95
Artist#1890,65,0,1,294,7260,698653,3395,1140,509,526,500
artist#31799,25,0,0,48,1107,291296,502,316,69,76,55
ARTIST#31659,19,0,3,116,2659,787999,1612,648,191,185,234
Artist#31400,88,0,1,78,1881,365345,1070,360,133,119,92
Artist#31533,82,0,3,59,1707,302151,818,295,77,107,108
Artist#31404,55,0,4,305,7808,1790753,5022,1974,490,527,548
Artist#31279,64,0,2,57,1598,459789,529,292,73,90,147
Artist#31409,47,0,1,48,1169,50562,653,259,74,91,92
Preacher#1725,81,1800,10,610,14229,2391565,7250,3031,934,1006,924
Preacher#22555,7,0,14,2270,60640,16751507,24264,4592,3535,4608,5395
Preacher#11556,54,2600,11,2963,64650,13945955,25142,5181,3569,4904,4701
Preacher#1980,76,2203,5,349,8829,597037,4189,1485,531,566,668
Preacher#2282,21,2783,1,71,2110,9375,719,380,83,116,177
Preacher#2659,70,0,3,1126,22298,3176141,15133,3294,1686,1681,1796
Preacher#22668,12,2581,2,354,9823,2443618,4508,2305,553,620,608
fact#31324,37,2792,2,189,4732,1193716,2299,883,282,278,323
FACT#31190,11,0,3,255,6450,217141,3050,1354,371,468,631
Fact#31955,81,0,6,391,11930,2225622,4921,2577,550,700,1006
fact#11462,12,0,0,23,599,194437,185,111,28,37,42
fact#31446,60,0,0,61,1450,309134,843,252,120,101,125
Fact#31187,53,0,2,96,2818,240900,1337,657,112,154,213
Fact#11962,91,0,0,64,1382,338215,722,321,93,97,80
FACT#31442,9,0,1,70,1528,54349,754,281,120,129,85
Fact#31968,16,0,0,8,247,66012,81,70,9,13,21
Fact#31576,48,0,3,417,9360,1705470,6893,1767,727,781,770
FACT#31578,66,0,1,76,1455,15094,793,302,123,111,78
Paper#1318,97,0,8,764,20009,3833318,9459,2619,1353,1453,1270
Paper#11118,50,2888,2,62,1506,530746,880,316,93,67,52
Paper#11744,71,2443,3,508,9668,656841,5881,578,608,707,1029
Paper#11111,33,0,4,537,14806,2198944,6397,1909,882,1202,1286
PAPER#11237,91,0,2,317,7113,665297,4349,1622,457,492,422
Paper#21605,95,0,2,174,4554,1246396,2201,831,275,313,348
PAPER#21863,76,4354,2,148,4186,1309275,1261,746,165,231,373
Paper#1162,39,0,4,1174,17131,720745,15735,1958,1279,1258,2053
Paper#11752,56,0,2,604,13064,2205893,6684,1937,1007,1022,961
Paper#31997,81,0,0,71,1715,475527,986,308,141,108,88
paper#11357,92,0,2,632,15471,3370662,7309,1729,1136,1242,1162
Paper#11895,18,0,0,39,812,246138,323,150,29,45,43
Paper#11751,17,0,3,524,9258,1804690,7457,1560,698,681,830
Paper#11898,18,0,0,42,1299,366323,320,183,54,88,95
Paper#11505,14,0,4,85,2113,607721,635,252,128,122,150
Paper#21859,71,0,0,42,750,192097,383,98,40,62,94
Paper#31218,22,0,2,373,8196,590265,5277,2131,595,622,575
Paper#21602,55,0,4,591,18455,1623012,5967,3517,778,1097,1714
Paper#11890,1,0,1,271,7206,2081860,2439,1464,343,436,603
PAPER#11613,65,0,3,250,5242,634009,2762,774,291,367,482
Paper#1419,35,0,2,343,9627,1177070,4732,1947,505,572,647
Paper#1427,93,0,4,1515,41125,8825392,16016,6879,2170,2331,2571
Paper#21732,12,0,2,142,3240,868784,1417,271,196,249,270
Swoop#1183,15,0,5,955,28089,1796703,11681,6918,1167,1495,1899
Swoop#21847,83,2112,4,769,19044,5809235,10045,3603,1289,1238,1058
SwOoP#11196,62,0,7,635,17365,3223218,7828,3038,936,1069,1118
Swoop#11456,45,2880,0,71,1925,622598,860,335,104,110,125
Swoop#1432,33,2450,3,818,26443,6001647,9513,4361,1034,1305,2156
Swoop#11841,39,2139,6,285,7753,888351,3500,1197,452,516,491
Swoop#2263,25,0,1,144,3562,1007820,1681,310,213,279,316
Swoop#21845,14,0,2,156,3078,469924,1984,372,198,244,360
Swoop#1814,40,0,3,656,15934,2289764,6881,2043,1003,1014,915
Swoop#1697,6,0,6,473,9905,102079,5514,1416,646,641,728
Swoop#1554,14,0,0,20,457,170447,283,73,30,25,38
Sepia#21154,79,2001,11,1441,27189,6145648,15721,1934,1871,2244,2752
Sepia#21413,59,3166,0,66,1973,624035,671,363,73,107,170
Sepia#2167,57,0,0,60,1251,29041,924,218,82,101,112
Taps#3781,43,2726,4,505,13601,14820,6795,3017,815,935,957
name#31662,64,1563,1,329,7884,2157410,3636,1744,618,660,536
NAME#31534,71,2595,1,201,5640,1757673,2583,904,312,360,367
Name#11433,27,1703,3,218,4857,1459411,2713,929,365,329,323
Name#12411,13,2815,4,716,17725,5123812,8622,2388,1040,1271,1448
Name#31411,65,1661,0,56,906,270528,619,128,65,100,88
Name#31528,7,2950,2,97,2614,678975,1262,609,153,156,167
Name#21216,55,2372,4,143,3670,1162368,1880,777,234,222,212
name#31531,68,2623,1,32,797,198820,482,137,49,40,70
Name#12438,53,3020,1,109,3079,946095,772,530,156,156,138
NAME#31537,14,0,3,401,9720,2434356,4880,2218,632,670,631
Name#12170,74,3227,0,25,512,139452,202,20,27,36,43
name#31664,35,1649,1,147,3411,873770,2424,639,267,259,222
Name#21702,13,4023,9,201,5611,626872,2860,1204,310,384,388
name#11443,15,1975,1,207,4984,777126,1991,664,289,353,390
Name#1882,5,2484,10,1690,39045,9324027,24340,4994,2726,2699,2369
Name#1493,67,0,2,203,4275,1290481,2852,613,284,313,337
Name#12416,41,2401,5,403,11171,3562293,5570,1973,651,754,685
name#22625,57,3126,0,108,2729,815375,969,392,171,192,218
NAME#11722,4,3872,13,782,21479,2207053,9487,4551,1201,1437,1799
NAME#31407,6,0,14,537,12259,465726,7762,2553,927,1057,797
Name#31650,35,0,3,658,12170,2630596,5208,3255,956,974,894
NAME#12189,28,1735,0,68,1182,291869,1118,156,98,116,100
NAME#11864,62,2823,8,2105,60397,4477063,26769,10946,3312,3838,4309
NAME#31517,3,2850,6,483,12941,2105468,6443,2950,746,898,1124
name#12930,74,1977,1,81,2023,390394,1124,477,108,130,138
NAME#31146,87,3006,1,92,2975,834802,1207,576,146,183,231
Name#31154,30,0,0,63,1551,415039,698,445,73,77,89
name#12570,48,3399,0,66,1759,533188,616,354,58,56,133
Name#21191,61,0,4,718,19866,5693054,9891,3661,1027,1401,1611
NAME#22494,57,2336,0,97,2953,903197,1134,580,111,168,210
NAME#22232,70,1121,1,168,3279,915208,2036,747,254,227,220
Name#31521,16,0,2,269,7016,1670670,4261,1399,483,505,466
name#12508,56,2088,4,251,7004,1477991,3292,1743,381,420,485
name#31797,82,3222,10,473,12059,2642603,5266,1628,817,839,877
NAME#31378,66,2453,3,415,10799,91439,5327,2642,588,662,808
Name#12675,83,0,1,222,6231,1747457,2493,1133,390,413,391
name#1355,17,1920,6,803,18389,5280696,8587,2192,1259,1250,1288
Name#12877,78,0,1,238,5838,1422098,2908,1112,343,333,412
name#31912,12,0,0,16,254,64709,167,44,8,13,16
Name#12534,97,1839,2,763,20115,5876624,7521,3570,1214,1300,1146
Name#12691,56,2756,0,78,2090,742812,581,268,55,121,180
Name#12262,92,0,0,77,1589,166022,890,225,117,120,102
Name#21559,14,2811,5,643,17493,3161030,7850,3448,1088,1150,1118
name#31652,97,0,3,222,5677,1304410,3485,1190,305,393,383
name#31663,76,1723,1,131,1372,331772,1767,188,127,149,161
name#31143,95,0,0,88,2156,553471,1136,463,142,135,130
name#12231,70,0,1,155,3620,355103,2542,831,287,302,300
Name#31272,76,0,0,107,3107,861111,1422,761,131,189,314
name#31636,93,0,2,445,12602,1376840,5699,2643,769,815,871
Name#31538,34,2566,0,59,1367,371863,624,192,112,118,129
Name#21586,9,0,6,468,10028,451273,5915,1874,743,796,902
sugar#41213,14,0,0,31,131,29874,171,7,17,18,40
Sugar#22492,32,0,2,523,13051,4081417,8220,2051,990,1095,1035
sugar#12818,77,0,10,2042,34254,9198271,20217,3446,2334,2354,3174
SUGAR#12148,70,2102,0,47,1436,410685,641,332,92,121,75
SUGAR#12682,29,1713,3,196,4742,1431362,2886,941,295,284,212
Sugar#31896,92,0,3,816,17874,3166323,10124,2915,1378,1449,1303
Sugar#31251,11,0,6,343,9998,302693,4288,2498,379,521,811
sugar#22465,28,2120,2,326,1512,161569,4517,93,183,210,582
Sugar#12689,31,0,0,72,2001,553887,898,301,155,145,105
Sugar#12214,21,0,7,1603,31663,6311417,16806,1793,2276,2411,3039
Sugar#3650,35,0,2,155,3925,400544,1954,837,265,305,274
sugar#31140,18,2194,2,370,9326,2332429,4543,1740,627,711,511
Bubbles#21595,84,3057,10,2168,43601,9054842,26786,1922,2701,3322,4589
Bubbles#13395,86,0,3,90,2487,701802,1104,641,103,128,123
Bubbles#13278,61,0,1,74,2002,597542,532,271,66,84,151
Bubbles#21739,92,2825,2,359,8729,2931106,3447,639,613,605,683
Bubbles#12609,21,0,7,203,3605,604617,1991,590,284,268,332
Bubbles#12997,75,2251,3,600,15331,3306239,6860,947,1088,1314,1208
bubbles#12237,60,902,9,387,8024,2103851,5311,1420,607,582,421
bubbles#1633,53,1925,3,164,4041,319116,2211,601,285,294,214
Bubbles#12987,57,0,2,134,4144,651433,1616,776,173,239,353
Bubbles#13430,83,2676,0,66,2031,721881,782,288,102,129,181
Bubbles#13658,32,0,2,438,9706,2737389,4846,1038,764,778,735
Bubbles#12828,54,2673,1,61,1206,273338,587,186,67,94,81
Bubbles#13836,49,2127,0,80,1593,467210,752,147,92,116,116
Bubbles#12860,11,0,6,1381,35524,7124281,16040,3488,2344,2460,2717
Bubbles#21996,48,3158,1,70,1959,532405,701,471,77,84,145
Bubbles#12225,26,2207,4,64,1894,12588,646,502,91,130,193
Bubbles#21610,8,2499,8,145,2473,56944,1948,391,186,208,280
Bubbles#21730,23,0,4,889,20808,5548770,9428,3164,1431,1451,1476
Bubbles#12521,9,0,9,783,11306,1738210,10182,1429,821,820,1234
Bubbles#12518,83,0,2,399,10627,3460324,6096,2643,551,649,676
BUBBLES#31407,53,3259,8,477,11030,1384039,6184,1826,723,947,971
Bubbles#13408,23,3800,4,196,6381,2184531,2209,831,233,298,471
Bubbles#1873,57,2191,5,1424,37517,6322661,14136,6606,2152,2221,2710
Bubbles#13794,16,2772,2,304,7296,2329194,3009,482,509,515,443
Bubbles#21339,14,3519,18,3391,100544,21462840,43164,13078,5237,6921,7740
Bubbles#21723,77,2646,7,1080,16569,3040942,15105,1748,1343,1488,2009
BUBBLES#13696,35,3074,0,45,1012,317191,547,81,82,63,79
Bubbles#13921,36,3199,1,97,2411,723013,1534,426,140,137,148
Bubbles#12352,60,0,3,1061,23632,3889393,9338,2585,1391,1593,1859
bubbles#13958,83,1665,2,142,2338,652052,1723,204,174,191,176
Bubbles#13269,70,0,2,162,3747,1294703,2578,523,281,295,332
Bubbles#21884,0,0,2,491,12417,3970624,5012,1484,681,851,925
Bubbles#21239,50,0,1,199,4070,1086275,2142,815,258,255,335
Bubbles#12179,61,3349,1,92,1790,252892,1200,244,143,115,135
Bubbles#12515,13,3038,1,77,2100,561580,804,141,136,146,141
bubbles#13802,80,3350,1,62,1693,488568,671,182,92,109,123
Bubbles#2450,42,0,5,1207,29637,5602419,13230,4358,2026,2161,2301
Bubbles#11858,63,0,6,1383,22818,1818017,15634,2847,1497,1519,2236
Sheriff#22565,48,0,3,127,3626,1081430,1169,454,193,240,292
Broker#2842,18,1627,1,303,8827,2834598,3386,1265,472,565,922
Broker#3313,1,0,2,178,4075,758155,2508,807,249,312,338
Broker#11899,13,1868,7,1831,41533,12419840,21045,5378,3054,2639,2380
Broker#1990,2,2797,10,2061,53071,10885354,21184,6321,3023,3568,3851
broker#3315,19,0,3,149,2758,339343,1991,561,200,184,234
broker#2844,22,2312,12,2463,64334,4918945,33139,11786,3959,4699,4807
Broker#31650,78,0,0,63,1745,550961,793,343,105,125,149
Broker#21397,63,0,8,1266,32252,6700469,17250,6558,1881,2175,2240
Prisoner#31424,48,2373,0,35,620,159206,612,120,72,43,19
Prisoner#21181,24,0,2,232,5727,1231704,2818,1073,387,373,353
Prisoner#1723,79,2635,3,457,14132,509738,5826,2110,676,974,1425
Prisoner#1226,32,0,6,945,24313,7056883,10898,1921,1503,1993,1926
Prisoner#4420,13,0,0,23,712,201672,252,208,19,31,75
Prisoner#31681,65,0,2,124,3425,301913,2028,840,200,269,299
prisoner#31809,8,0,6,924,21638,1709412,11160,3673,1324,1531,1721
PRISONER#21441,30,0,0,7,152,36462,48,66,4,4,11
prisoner#3780,61,0,5,165,3717,20571,2335,760,285,281,327
Dentist#11153,59,0,8,2248,53466,8466650,28208,5684,3158,4037,4768
Engineer#11884,37,0,0,53,1186,293243,629,198,69,75,78
Engineer#11242,89,0,0,111,2692,834709,1321,254,173,252,207
engineer#31974,66,0,11,1687,35409,9100353,23088,6132,2613,2486,2441
Engineer#31720,38,0,2,70,1488,8127,1023,312,98,93,165
ENGINEER#11633,20,0,0,48,1696,562467,605,462,46,62,143
Engineer#31211,19,0,5,525,11170,1889985,6666,2274,815,857,835
ENGINEER#31592,99,0,6,1931,51482,10044363,21026,8329,2757,3669,4945
Engineer#21757,1,0,3,56,1098,131564,836,241,76,93,69
Engineer#21894,65,0,9,1473,37440,9323089,16677,6889,1993,2437,3189
Engineer#11373,49,0,0,16,277,82719,144,20,25,32,31
Engineer#21122,60,0,0,58,1538,499084,745,190,90,103,122
Engineer#21905,28,0,6,375,6903,752897,5180,1200,499,571,744
engineer#11757,20,0,0,35,577,148193,431,16,37,57,50
deletebot#1951,15,0,0,27,733,258341,245,121,40,49,48
Engineer#11744,30,0,1,99,2597,41207,920,430,107,139,244
Engineer#11502,13,0,0,16,677,217009,179,156,27,35,50
Engineer#21513,31,0,0,60,1895,655969,472,267,50,72,183
tiler#31757,49,3405,3,178,4721,1358719,2205,948,254,266,318
Tiler#11128,62,0,0,90,2731,773816,1058,403,132,181,190
Tiler#31500,65,0,2,154,3518,1040812,1629,741,219,212,198
Tiler#1664,75,0,1,552,14011,1522486,6092,2382,931,957,751
student#31950,27,767,1,165,3163,793874,2673,440,296,279,216
StudenT#21751,63,0,1,436,10782,3085811,5385,1929,745,830,802
actor#21411,6,0,1,122,3139,987835,1330,338,174,219,235
Actor#21668,61,0,6,196,5837,1803756,2808,1068,273,351,432
actor#3622,9,0,4,299,7158,71732,3568,1628,441,524,600
Actor#4356,29,0,0,26,713,232681,316,124,59,62,54
Actor#4355,83,0,0,86,2199,434526,1105,421,120,150,139
Actor#11931,28,0,0,74,2032,607325,698,258,114,127,128
Actor#31284,8,0,1,121,2502,703162,1678,468,198,187,192
Horseman#31412,78,2131,4,570,8142,412750,6921,1029,671,724,1231
Horseman#1537,86,0,8,2352,65059,13590051,28864,8684,3455,4444,5489
Horseman#11680,85,0,7,1018,29522,8948698,9230,3902,1584,1792,1818
HORSEMAN#11299,53,0,0,34,679,203046,453,75,78,73,64
Horseman#11550,24,0,3,185,3871,780200,2796,649,294,280,392
HorseMan#11429,12,0,0,23,756,225475,231,213,16,33,54
HORSEMAN#31927,78,2625,1,353,9424,486521,4217,2250,521,663,696
Horseman#2570,10,0,4,354,9538,1166078,4070,1334,549,789,856
horseman#31284,73,0,1,92,2560,643608,1083,531,120,136,177
Producer#11686,37,2905,4,150,3406,174669,2003,577,208,276,264
Producer#31443,92,0,0,150,3346,900935,2308,607,241,245,246
Producer#11688,42,0,1,100,2288,632806,1273,268,193,178,184
Producer#31312,68,0,1,443,11279,384198,5180,2725,632,786,1046
Producer#31184,13,0,2,142,3849,512245,2174,932,223,237,231
Artist#31415,45,3234,12,147,4315,1180641,1456,789,200,245,257
ARTIST#31654,39,0,3,459,8859,2397860,7274,1590,654,634,725
artist#31542,32,2156,2,110,2635,110910,1359,745,140,197,242
Artist#31414,98,3367,1,235,6098,1654358,2410,1796,325,345,468
ARTIST#31407,92,2217,1,144,3766,925850,1724,667,214,272,243
ARTIST#31142,53,0,17,6200,67362,15706546,60623,4746,5649,6726,10584
Artist#31129,29,2906,9,651,17315,313158,9008,3967,1016,1095,1057
artist#31283,60,2657,0,50,1121,287342,485,252,60,85,71
aRtist#22924,97,2202,0,59,1987,666544,1186,378,113,111,121
Artist#11522,74,2536,3,191,4472,680438,2190,641,291,371,383
Artist#31410,3,0,4,180,4364,677733,2344,1004,306,337,296
ARTIST#31416,84,0,1,65,1782,527282,1100,386,120,136,147
Artist#31786,73,0,2,147,4585,951350,1966,1140,238,267,397
Artist#3665,15,2808,5,144,2957,16585,1406,652,193,238,284
Artist#31664,45,2549,3,630,14327,3919170,8717,2984,990,1077,1052
Artist#31153,92,0,1,98,2481,648466,1241,486,156,156,159
Artist#31661,8,2501,11,1313,29366,5161154,15840,3927,1942,2180,2441
Artist#31911,69,0,1,141,4483,763402,1677,1113,213,267,319
ARTIST#31538,26,0,1,199,4619,1230069,3587,1051,387,417,381
ARTIST#31525,36,2449,1,50,1413,377662,660,404,75,78,84
Artist#31281,76,0,0,67,1560,415258,784,268,107,121,136
ARTIST#31928,28,0,4,584,18196,2231945,7080,3452,815,1134,1669
Artist#11141,20,0,3,424,11131,2352865,5304,2271,637,698,818
Artist#3294,0,0,2,104,2274,121446,1290,505,187,188,171
Artist#31906,35,0,3,74,1845,56661,887,455,119,159,149
Artist#31784,67,0,0,72,2147,548265,951,398,119,135,183
Artist#11663,4,0,0,5,73,15117,7,11,4,8,7
Artist#22653,67,0,1,66,1301,312839,794,147,82,96,105
Artist#31392,95,0,1,77,2231,300772,859,512,100,164,204
Artist#31152,22,0,0,51,1538,434156,606,300,84,96,119
Artist#31910,72,0,0,112,2902,199847,1717,659,198,217,185
ARTist#31141,43,0,0,99,2477,617088,1260,422,163,151,134
Artist#11789,29,0,1,128,4034,1317415,1167,477,204,232,307
Artist#31908,15,0,1,63,1591,223399,651,362,79,110,136
artist#3166,65,0,3,316,8346,179003,3527,1236,366,644,1111
Artist#31909,82,0,0,51,1396,336065,480,379,58,85,95
Artist#1890,65,0,1,294,7260,698653,3395,1140,509,526,500
artist#31799,25,0,0,48,1107,291296,502,316,69,76,55
ARTIST#31659,19,0,3,116,2659,787999,1612,648,191,185,234
Artist#31400,88,0,1,78,1881,365345,1070,360,133,119,92
Artist#31533,82,0,3,59,1707,302151,818,295,77,107,108
Artist#31404,55,0,4,305,7808,1790753,5022,1974,490,527,548
Artist#31279,64,0,2,57,1598,459789,529,292,73,90,147
Artist#31409,47,0,1,48,1169,50562,653,259,74,91,92
Preacher#1725,81,1800,10,610,14229,2391565,7250,3031,934,1006,924
Preacher#22555,7,0,14,2270,60640,16751507,24264,4592,3535,4608,5395
Preacher#11556,54,2600,11,2963,64650,13945955,25142,5181,3569,4904,4701
Preacher#1980,76,2203,5,349,8829,597037,4189,1485,531,566,668
Preacher#2282,21,2783,1,71,2110,9375,719,380,83,116,177
Preacher#2659,70,0,3,1126,22298,3176141,15133,3294,1686,1681,1796
Preacher#22668,12,2581,2,354,9823,2443618,4508,2305,553,620,608
fact#31324,37,2792,2,189,4732,1193716,2299,883,282,278,323
FACT#31190,11,0,3,255,6450,217141,3050,1354,371,468,631
Fact#31955,81,0,6,391,11930,2225622,4921,2577,550,700,1006
fact#11462,12,0,0,23,599,194437,185,111,28,37,42
fact#31446,60,0,0,61,1450,309134,843,252,120,101,125
Fact#31187,53,0,2,96,2818,240900,1337,657,112,154,213
Fact#11962,91,0,0,64,1382,338215,722,321,93,97,80
FACT#31442,9,0,1,70,1528,54349,754,281,120,129,85
Fact#31968,16,0,0,8,247,66012,81,70,9,13,21
Fact#31576,48,0,3,417,9360,1705470,6893,1767,727,781,770
FACT#31578,66,0,1,76,1455,15094,793,302,123,111,78
Paper#1318,97,0,8,764,20009,3833318,9459,2619,1353,1453,1270
Paper#11118,50,2888,2,62,1506,530746,880,316,93,67,52
Paper#11744,71,2443,3,508,9668,656841,5881,578,608,707,1029
Paper#11111,33,0,4,537,14806,2198944,6397,1909,882,1202,1286
PAPER#11237,91,0,2,317,7113,665297,4349,1622,457,492,422
Paper#21605,95,0,2,174,4554,1246396,2201,831,275,313,348
PAPER#21863,76,4354,2,148,4186,1309275,1261,746,165,231,373
Paper#1162,39,0,4,1174,17131,720745,15735,1958,1279,1258,2053
Paper#11752,56,0,2,604,13064,2205893,6684,1937,1007,1022,961
Paper#31997,81,0,0,71,1715,475527,986,308,141,108,88
paper#11357,92,0,2,632,15471,3370662,7309,1729,1136,1242,1162
Paper#11895,18,0,0,39,812,246138,323,150,29,45,43
Paper#11751,17,0,3,524,9258,1804690,7457,1560,698,681,830
Paper#11898,18,0,0,42,1299,366323,320,183,54,88,95
Paper#11505,14,0,4,85,2113,607721,635,252,128,122,150
Paper#21859,71,0,0,42,750,192097,383,98,40,62,94
Paper#31218,22,0,2,373,8196,590265,5277,2131,595,622,575
Paper#21602,55,0,4,591,18455,1623012,5967,3517,778,1097,1714
Paper#11890,1,0,1,271,7206,2081860,2439,1464,343,436,603
PAPER#11613,65,0,3,250,5242,634009,2762,774,291,367,482
Paper#1419,35,0,2,343,9627,1177070,4732,1947,505,572,647
Paper#1427,93,0,4,1515,41125,8825392,16016,6879,2170,2331,2571
Paper#21732,12,0,2,142,3240,868784,1417,271,196,249,270
Swoop#1183,15,0,5,955,28089,1796703,11681,6918,1167,1495,1899
Swoop#21847,83,2112,4,769,19044,5809235,10045,3603,1289,1238,1058
SwOoP#11196,62,0,7,635,17365,3223218,7828,3038,936,1069,1118
Swoop#11456,45,2880,0,71,1925,622598,860,335,104,110,125
Swoop#1432,33,2450,3,818,26443,6001647,9513,4361,1034,1305,2156
Swoop#11841,39,2139,6,285,7753,888351,3500,1197,452,516,491
Swoop#2263,25,0,1,144,3562,1007820,1681,310,213,279,316
Swoop#21845,14,0,2,156,3078,469924,1984,372,198,244,360
Swoop#1814,40,0,3,656,15934,2289764,6881,2043,1003,1014,915
Swoop#1697,6,0,6,473,9905,102079,5514,1416,646,641,728
Swoop#1554,14,0,0,20,457,170447,283,73,30,25,38
Sepia#21154,79,2001,11,1441,27189,6145648,15721,1934,1871,2244,2752
Sepia#21413,59,3166,0,66,1973,624035,671,363,73,107,170
Sepia#2167,57,0,0,60,1251,29041,924,218,82,101,112
Taps#3781,43,2726,4,505,13601,14820,6795,3017,815,935,957
name#31662,64,1563,1,329,7884,2157410,3636,1744,618,660,536
NAME#31534,71,2595,1,201,5640,1757673,2583,904,312,360,367
Name#11433,27,1703,3,218,4857,1459411,2713,929,365,329,323
Name#12411,13,2815,4,716,17725,5123812,8622,2388,1040,1271,1448
Name#31411,65,1661,0,56,906,270528,619,128,65,100,88
Name#31528,7,2950,2,97,2614,678975,1262,609,153,156,167
Name#21216,55,2372,4,143,3670,1162368,1880,777,234,222,212
name#31531,68,2623,1,32,797,198820,482,137,49,40,70
Name#12438,53,3020,1,109,3079,946095,772,530,156,156,138
NAME#31537,14,0,3,401,9720,2434356,4880,2218,632,670,631
Name#12170,74,3227,0,25,512,139452,202,20,27,36,43
name#31664,35,1649,1,147,3411,873770,2424,639,267,259,222
Name#21702,13,4023,9,201,5611,626872,2860,1204,310,384,388
name#11443,15,1975,1,207,4984,777126,1991,664,289,353,390
Name#1882,5,2484,10,1690,39045,9324027,24340,4994,2726,2699,2369
Name#1493,67,0,2,203,4275,1290481,2852,613,284,313,337
Name#12416,41,2401,5,403,11171,3562293,5570,1973,651,754,685
name#22625,57,3126,0,108,2729,815375,969,392,171,192,218
NAME#11722,4,3872,13,782,21479,2207053,9487,4551,1201,1437,1799
NAME#31407,6,0,14,537,12259,465726,7762,2553,927,1057,797
Name#31650,35,0,3,658,12170,2630596,5208,3255,956,974,894
NAME#12189,28,1735,0,68,1182,291869,1118,156,98,116,100
NAME#11864,62,2823,8,2105,60397,4477063,26769,10946,3312,3838,4309
NAME#31517,3,2850,6,483,12941,2105468,6443,2950,746,898,1124
name#12930,74,1977,1,81,2023,390394,1124,477,108,130,138
NAME#31146,87,3006,1,92,2975,834802,1207,576,146,183,231
Name#31154,30,0,0,63,1551,415039,698,445,73,77,89
name#12570,48,3399,0,66,1759,533188,616,354,58,56,133
Name#21191,61,0,4,718,19866,5693054,9891,3661,1027,1401,1611
NAME#22494,57,2336,0,97,2953,903197,1134,580,111,168,210
NAME#22232,70,1121,1,168,3279,915208,2036,747,254,227,220
Name#31521,16,0,2,269,7016,1670670,4261,1399,483,505,466
name#12508,56,2088,4,251,7004,1477991,3292,1743,381,420,485
name#31797,82,3222,10,473,12059,2642603,5266,1628,817,839,877
NAME#31378,66,2453,3,415,10799,91439,5327,2642,588,662,808
Name#12675,83,0,1,222,6231,1747457,2493,1133,390,413,391
name#1355,17,1920,6,803,18389,5280696,8587,2192,1259,1250,1288
Name#12877,78,0,1,238,5838,1422098,2908,1112,343,333,412
name#31912,12,0,0,16,254,64709,167,44,8,13,16
Name#12534,97,1839,2,763,20115,5876624,7521,3570,1214,1300,1146
Name#12691,56,2756,0,78,2090,742812,581,268,55,121,180
Name#12262,92,0,0,77,1589,166022,890,225,117,120,102
Name#21559,14,2811,5,643,17493,3161030,7850,3448,1088,1150,1118
name#31652,97,0,3,222,5677,1304410,3485,1190,305,393,383
name#31663,76,1723,1,131,1372,331772,1767,188,127,149,161
name#31143,95,0,0,88,2156,553471,1136,463,142,135,130
name#12231,70,0,1,155,3620,355103,2542,831,287,302,300
Name#31272,76,0,0,107,3107,861111,1422,761,131,189,314
name#31636,93,0,2,445,12602,1376840,5699,2643,769,815,871
Name#31538,34,2566,0,59,1367,371863,624,192,112,118,129
Name#21586,9,0,6,468,10028,451273,5915,1874,743,796,902
sugar#41213,14,0,0,31,131,29874,171,7,17,18,40
Sugar#22492,32,0,2,523,13051,4081417,8220,2051,990,1095,1035
sugar#12818,77,0,10,2042,34254,9198271,20217,3446,2334,2354,3174
SUGAR#12148,70,2102,0,47,1436,410685,641,332,92,121,75
SUGAR#12682,29,1713,3,196,4742,1431362,2886,941,295,284,212
Sugar#31896,92,0,3,816,17874,3166323,10124,2915,1378,1449,1303
Sugar#31251,11,0,6,343,9998,302693,4288,2498,379,521,811
sugar#22465,28,2120,2,326,1512,161569,4517,93,183,210,582
Sugar#12689,31,0,0,72,2001,553887,898,301,155,145,105
Sugar#12214,21,0,7,1603,31663,6311417,16806,1793,2276,2411,3039
Sugar#3650,35,0,2,155,3925,400544,1954,837,265,305,274
sugar#31140,18,2194,2,370,9326,2332429,4543,1740,627,711,511
Bubbles#21595,84,3057,10,2168,43601,9054842,26786,1922,2701,3322,4589
Bubbles#13395,86,0,3,90,2487,701802,1104,641,103,128,123
Bubbles#13278,61,0,1,74,2002,597542,532,271,66,84,151
Bubbles#21739,92,2825,2,359,8729,2931106,3447,639,613,605,683
Bubbles#12609,21,0,7,203,3605,604617,1991,590,284,268,332
Bubbles#12997,75,2251,3,600,15331,3306239,6860,947,1088,1314,1208
bubbles#12237,60,902,9,387,8024,2103851,5311,1420,607,582,421
bubbles#1633,53,1925,3,164,4041,319116,2211,601,285,294,214
Bubbles#12987,57,0,2,134,4144,651433,1616,776,173,239,353
Bubbles#13430,83,2676,0,66,2031,721881,782,288,102,129,181
Bubbles#13658,32,0,2,438,9706,2737389,4846,1038,764,778,735
Bubbles#12828,54,2673,1,61,1206,273338,587,186,67,94,81
Bubbles#13836,49,2127,0,80,1593,467210,752,147,92,116,116
Bubbles#12860,11,0,6,1381,35524,7124281,16040,3488,2344,2460,2717
Bubbles#21996,48,3158,1,70,1959,532405,701,471,77,84,145
Bubbles#12225,26,2207,4,64,1894,12588,646,502,91,130,193
Bubbles#21610,8,2499,8,145,2473,56944,1948,391,186,208,280
Bubbles#21730,23,0,4,889,20808,5548770,9428,3164,1431,1451,1476
Bubbles#12521,9,0,9,783,11306,1738210,10182,1429,821,820,1234
Bubbles#12518,83,0,2,399,10627,3460324,6096,2643,551,649,676
BUBBLES#31407,53,3259,8,477,11030,1384039,6184,1826,723,947,971
Bubbles#13408,23,3800,4,196,6381,2184531,2209,831,233,298,471
Bubbles#1873,57,2191,5,1424,37517,6322661,14136,6606,2152,2221,2710
Bubbles#13794,16,2772,2,304,7296,2329194,3009,482,509,515,443
Bubbles#21339,14,3519,18,3391,100544,21462840,43164,13078,5237,6921,7740
Bubbles#21723,77,2646,7,1080,16569,3040942,15105,1748,1343,1488,2009
BUBBLES#13696,35,3074,0,45,1012,317191,547,81,82,63,79
Bubbles#13921,36,3199,1,97,2411,723013,1534,426,140,137,148
Bubbles#12352,60,0,3,1061,23632,3889393,9338,2585,1391,1593,1859
bubbles#13958,83,1665,2,142,2338,652052,1723,204,174,191,176
Bubbles#13269,70,0,2,162,3747,1294703,2578,523,281,295,332
Bubbles#21884,0,0,2,491,12417,3970624,5012,1484,681,851,925
Bubbles#21239,50,0,1,199,4070,1086275,2142,815,258,255,335
Bubbles#12179,61,3349,1,92,1790,252892,1200,244,143,115,135
Bubbles#12515,13,3038,1,77,2100,561580,804,141,136,146,141
bubbles#13802,80,3350,1,62,1693,488568,671,182,92,109,123
Bubbles#2450,42,0,5,1207,29637,5602419,13230,4358,2026,2161,2301
Bubbles#11858,63,0,6,1383,22818,1818017,15634,2847,1497,1519,2236
Sheriff#22565,48,0,3,127,3626,1081430,1169,454,193,240,292
Broker#2842,18,1627,1,303,8827,2834598,3386,1265,472,565,922
Broker#3313,1,0,2,178,4075,758155,2508,807,249,312,338
Broker#11899,13,1868,7,1831,41533,12419840,21045,5378,3054,2639,2380
Broker#1990,2,2797,10,2061,53071,10885354,21184,6321,3023,3568,3851
broker#3315,19,0,3,149,2758,339343,1991,561,200,184,234
broker#2844,22,2312,12,2463,64334,4918945,33139,11786,3959,4699,4807
Broker#31650,78,0,0,63,1745,550961,793,343,105,125,149
Broker#21397,63,0,8,1266,32252,6700469,17250,6558,1881,2175,2240
Prisoner#31424,48,2373,0,35,620,159206,612,120,72,43,19
Prisoner#21181,24,0,2,232,5727,1231704,2818,1073,387,373,353
Prisoner#1723,79,2635,3,457,14132,509738,5826,2110,676,974,1425
Prisoner#1226,32,0,6,945,24313,7056883,10898,1921,1503,1993,1926
Prisoner#4420,13,0,0,23,712,201672,252,208,19,31,75
Prisoner#31681,65,0,2,124,3425,301913,2028,840,200,269,299
prisoner#31809,8,0,6,924,21638,1709412,11160,3673,1324,1531,1721
PRISONER#21441,30,0,0,7,152,36462,48,66,4,4,11
prisoner#3780,61,0,5,165,3717,20571,2335,760,285,281,327
Dentist#11153,59,0,8,2248,53466,8466650,28208,5684,3158,4037,4768
Engineer#11884,37,0,0,53,1186,293243,629,198,69,75,78
Engineer#11242,89,0,0,111,2692,834709,1321,254,173,252,207
engineer#31974,66,0,11,1687,35409,9100353,23088,6132,2613,2486,2441
Engineer#31720,38,0,2,70,1488,8127,1023,312,98,93,165
ENGINEER#11633,20,0,0,48,1696,562467,605,462,46,62,143
Engineer#31211,19,0,5,525,11170,1889985,6666,2274,815,857,835
ENGINEER#31592,99,0,6,1931,51482,10044363,21026,8329,2757,3669,4945
Engineer#21757,1,0,3,56,1098,131564,836,241,76,93,69
Engineer#21894,65,0,9,1473,37440,9323089,16677,6889,1993,2437,3189
Engineer#11373,49,0,0,16,277,82719,144,20,25,32,31
Engineer#21122,60,0,0,58,1538,499084,745,190,90,103,122
Engineer#21905,28,0,6,375,6903,752897,5180,1200,499,571,744
engineer#11757,20,0,0,35,577,148193,431,16,37,57,50
deletebot#1951,15,0,0,27,733,258341,245,121,40,49,48
Engineer#11744,30,0,1,99,2597,41207,920,430,107,139,244
Engineer#11502,13,0,0,16,677,217009,179,156,27,35,50
Engineer#21513,31,0,0,60,1895,655969,472,267,50,72,183
tiler#31757,49,3405,3,178,4721,1358719,2205,948,254,266,318
Tiler#11128,62,0,0,90,2731,773816,1058,403,132,181,190
Tiler#31500,65,0,2,154,3518,1040812,1629,741,219,212,198
Tiler#1664,75,0,1,552,14011,1522486,6092,2382,931,957,751
student#31950,27,767,1,165,3163,793874,2673,440,296,279,216
StudenT#21751,63,0,1,436,10782,3085811,5385,1929,745,830,802
actor#21411,6,0,1,122,3139,987835,1330,338,174,219,235
Actor#21668,61,0,6,196,5837,1803756,2808,1068,273,351,432
actor#3622,9,0,4,299,7158,71732,3568,1628,441,524,600
Actor#4356,29,0,0,26,713,232681,316,124,59,62,54
Actor#4355,83,0,0,86,2199,434526,1105,421,120,150,139
Actor#11931,28,0,0,74,2032,607325,698,258,114,127,128
Actor#31284,8,0,1,121,2502,703162,1678,468,198,187,192
Horseman#31412,78,2131,4,570,8142,412750,6921,1029,671,724,1231
Horseman#1537,86,0,8,2352,65059,13590051,28864,8684,3455,4444,5489
Horseman#11680,85,0,7,1018,29522,8948698,9230,3902,1584,1792,1818
HORSEMAN#11299,53,0,0,34,679,203046,453,75,78,73,64
Horseman#11550,24,0,3,185,3871,780200,2796,649,294,280,392
HorseMan#11429,12,0,0,23,756,225475,231,213,16,33,54
HORSEMAN#31927,78,2625,1,353,9424,486521,4217,2250,521,663,696
Horseman#2570,10,0,4,354,9538,1166078,4070,1334,549,789,856
horseman#31284,73,0,1,92,2560,643608,1083,531,120,136,177
Producer#11686,37,2905,4,150,3406,174669,2003,577,208,276,264
Producer#31443,92,0,0,150,3346,900935,2308,607,241,245,246
Producer#11688,42,0,1,100,2288,632806,1273,268,193,178,184
Producer#31312,68,0,1,443,11279,384198,5180,2725,632,786,1046
Producer#31184,13,0,2,142,3849,512245,2174,932,223,237,231
Artist#31415,45,3234,12,147,4315,1180641,1456,789,200,245,257
ARTIST#31654,39,0,3,459,8859,2397860,7274,1590,654,634,725
artist#31542,32,2156,2,110,2635,110910,1359,745,140,197,242
Artist#31414,98,3367,1,235,6098,1654358,2410,1796,325,345,468
ARTIST#31407,92,2217,1,144,3766,925850,1724,667,214,272,243
ARTIST#31142,53,0,17,6200,67362,15706546,60623,4746,5649,6726,10584
Artist#31129,29,2906,9,651,17315,313158,9008,3967,1016,1095,1057
artist#31283,60,2657,0,50,1121,287342,485,252,60,85,71
aRtist#22924,97,2202,0,59,1987,666544,1186,378,113,111,121
Artist#11522,74,2536,3,191,4472,680438,2190,641,291,371,383
Artist#31410,3,0,4,180,4364,677733,2344,1004,306,337,296
ARTIST#31416,84,0,1,65,1782,527282,1100,386,120,136,147
Artist#31786,73,0,2,147,4585,951350,1966,1140,238,267,397
Artist#3665,15,2808,5,144,2957,16585,1406,652,193,238,284
Artist#31664,45,2549,3,630,14327,3919170,8717,2984,990,1077,1052
Artist#31153,92,0,1,98,2481,648466,1241,486,156,156,159
Artist#31661,8,2501,11,1313,29366,5161154,15840,3927,1942,2180,2441
Artist#31911,69,0,1,141,4483,763402,1677,1113,213,267,319
ARTIST#31538,26,0,1,199,4619,1230069,3587,1051,387,417,381
ARTIST#31525,36,2449,1,50,1413,377662,660,404,75,78,84
Artist#31281,76,0,0,67,1560,415258,784,268,107,121,136
ARTIST#31928,28,0,4,584,18196,2231945,7080,3452,815,1134,1669
Artist#11141,20,0,3,424,11131,2352865,5304,2271,637,698,818
Artist#3294,0,0,2,104,2274,121446,1290,505,187,188,171
Artist#31906,35,0,3,74,1845,56661,887,455,119,159,149
Artist#31784,67,0,0,72,2147,548265,951,398,119,135,183
Artist#11663,4,0,0,5,73,15117,7,11,4,8,7
Artist#22653,67,0,1,66,1301,312839,794,147,82,96,105
Artist#31392,95,0,1,77,2231,300772,859,512,100,164,204
Artist#31152,22,0,0,51,1538,434156,606,300,84,96,119
Artist#31910,72,0,0,112,2902,199847,1717,659,198,217,185
ARTist#31141,43,0,0,99,2477,617088,1260,422,163,151,134
Artist#11789,29,0,1,128,4034,1317415,1167,477,204,232,307
Artist#31908,15,0,1,63,1591,223399,651,362,79,110,136
artist#3166,65,0,3,316,8346,179003,3527,1236,366,644,1111
Artist#31909,82,0,0,51,1396,336065,480,379,58,85,95
Artist#1890,65,0,1,294,7260,698653,3395,1140,509,526,500
artist#31799,25,0,0,48,1107,291296,502,316,69,76,55
ARTIST#31659,19,0,3,116,2659,787999,1612,648,191,185,234
Artist#31400,88,0,1,78,1881,365345,1070,360,133,119,92
Artist#31533,82,0,3,59,1707,302151,818,295,77,107,108
Artist#31404,55,0,4,305,7808,1790753,5022,1974,490,527,548
Artist#31279,64,0,2,57,1598,459789,529,292,73,90,147
Artist#31409,47,0,1,48,1169,50562,653,259,74,91,92
Preacher#1725,81,1800,10,610,14229,2391565,7250,3031,934,1006,924
Preacher#22555,7,0,14,2270,60640,16751507,24264,4592,3535,4608,5395
Preacher#11556,54,2600,11,2963,64650,13945955,25142,5181,3569,4904,4701
Preacher#1980,76,2203,5,349,8829,597037,4189,1485,531,566,668
Preacher#2282,21,2783,1,71,2110,9375,719,380,83,116,177
Preacher#2659,70,0,3,1126,22298,3176141,15133,3294,1686,1681,1796
Preacher#22668,12,2581,2,354,9823,2443618,4508,2305,553,620,608
fact#31324,37,2792,2,189,4732,1193716,2299,883,282,278,323
FACT#31190,11,0,3,255,6450,217141,3050,1354,371,468,631
Fact#31955,81,0,6,391,11930,2225622,4921,2577,550,700,1006
fact#11462,12,0,0,23,599,194437,185,111,28,37,42
fact#31446,60,0,0,61,1450,309134,843,252,120,101,125
Fact#31187,53,0,2,96,2818,240900,1337,657,112,154,213
Fact#11962,91,0,0,64,1382,338215,722,321,93,97,80
FACT#31442,9,0,1,70,1528,54349,754,281,120,129,85
Fact#31968,16,0,0,8,247,66012,81,70,9,13,21
Fact#31576,48,0,3,417,9360,1705470,6893,1767,727,781,770
FACT#31578,66,0,1,76,1455,15094,793,302,123,111,78
Paper#1318,97,0,8,764,20009,3833318,9459,2619,1353,1453,1270
Paper#11118,50,2888,2,62,1506,530746,880,316,93,67,52
Paper#11744,71,2443,3,508,9668,656841,5881,578,608,707,1029
Paper#11111,33,0,4,537,14806,2198944,6397,1909,882,1202,1286
PAPER#11237,91,0,2,317,7113,665297,4349,1622,457,492,422
Paper#21605,95,0,2,174,4554,1246396,2201,831,275,313,348
PAPER#21863,76,4354,2,148,4186,1309275,1261,746,165,231,373
Paper#1162,39,0,4,1174,17131,720745,15735,1958,1279,1258,2053
Paper#11752,56,0,2,604,13064,2205893,6684,1937,1007,1022,961
Paper#31997,81,0,0,71,1715,475527,986,308,141,108,88
paper#11357,92,0,2,632,15471,3370662,7309,1729,1136,1242,1162
Paper#11895,18,0,0,39,812,246138,323,150,29,45,43
Paper#11751,17,0,3,524,9258,1804690,7457,1560,698,681,830
Paper#11898,18,0,0,42,1299,366323,320,183,54,88,95
Paper#11505,14,0,4,85,2113,607721,635,252,128,122,150
Paper#21859,71,0,0,42,750,192097,383,98,40,62,94
Paper#31218,22,0,2,373,8196,590265,5277,2131,595,622,575
Paper#21602,55,0,4,591,18455,1623012,5967,3517,778,1097,1714
Paper#11890,1,0,1,271,7206,2081860,2439,1464,343,436,603
PAPER#11613,65,0,3,250,5242,634009,2762,774,291,367,482
Paper#1419,35,0,2,343,9627,1177070,4732,1947,505,572,647
Paper#1427,93,0,4,1515,41125,8825392,16016,6879,2170,2331,2571
Paper#21732,12,0,2,142,3240,868784,1417,271,196,249,270
Swoop#1183,15,0,5,955,28089,1796703,11681,6918,1167,1495,1899
Swoop#21847,83,2112,4,769,19044,5809235,10045,3603,1289,1238,1058
SwOoP#11196,62,0,7,635,17365,3223218,7828,3038,936,1069,1118
Swoop#11456,45,2880,0,71,1925,622598,860,335,104,110,125
Swoop#1432,33,2450,3,818,26443,6001647,9513,4361,1034,1305,2156
Swoop#11841,39,2139,6,285,7753,888351,3500,1197,452,516,491
Swoop#2263,25,0,1,144,3562,1007820,1681,310,213,279,316
Swoop#21845,14,0,2,156,3078,469924,1984,372,198,244,360
Swoop#1814,40,0,3,656,15934,2289764,6881,2043,1003,1014,915
Swoop#1697,6,0,6,473,9905,102079,5514,1416,646,641,728
Swoop#1554,14,0,0,20,457,170447,283,73,30,25,38
Sepia#21154,79,2001,11,1441,27189,6145648,15721,1934,1871,2244,2752
Sepia#21413,59,3166,0,66,1973,624035,671,363,73,107,170
Taps#3781,43,2726,4,505,13601,14820,6795,3017,815,935,957
name#31662,64,1563,1,329,7884,2157410,3636,1744,618,660,536
NAME#31534,71,2595,1,201,5640,1757673,2583,904,312,360,367
Name#11433,27,1703,3,218,4857,1459411,2713,929,365,329,323
Name#12411,13,2815,4,716,17725,5123812,8622,2388,1040,1271,1448
Name#31411,65,1661,0,56,906,270528,619,128,65,100,88
Name#31528,7,2950,2,97,2614,678975,1262,609,153,156,167
Name#21216,56,2374,4,143,3670,1162368,1880,777,234,222,212
name#31531,68,2623,1,32,797,198820,482,137,49,40,70
Name#12438,53,3020,1,109,3079,946095,772,530,156,156,138
NAME#31537,14,0,3,401,9720,2434356,4880,2218,632,670,631
Name#12170,74,3227,0,25,512,139452,202,20,27,36,43
name#31664,35,1649,1,147,3411,873770,2424,639,267,259,222
Name#21702,13,4023,9,201,5611,626872,2860,1204,310,384,388
name#11443,15,1975,1,207,4984,777126,1991,664,289,353,390
Name#1882,5,2484,10,1690,39045,9324027,24340,4994,2726,2699,2369
Name#1493,67,0,2,203,4275,1290481,2852,613,284,313,337
Name#12416,41,2401,5,403,11171,3562293,5570,1973,651,754,685
name#22625,57,3126,0,108,2729,815375,969,392,171,192,218
NAME#11722,4,3872,13,782,21479,2207053,9487,4551,1201,1437,1799
NAME#31407,6,0,14,537,12259,465726,7762,2553,927,1057,797
Name#31650,35,0,3,658,12170,2630596,5208,3255,956,974,894
NAME#12189,28,1735,0,68,1182,291869,1118,156,98,116,100
NAME#11864,62,2823,8,2105,60397,4477063,26769,10946,3312,3838,4309
NAME#31517,3,2850,6,483,12941,2105468,6443,2950,746,898,1124
name#12930,74,1977,1,81,2023,390394,1124,477,108,130,138
NAME#31146,87,3006,1,92,2975,834802,1207,576,146,183,231
Name#31154,30,0,0,63,1551,415039,698,445,73,77,89
name#12570,48,3399,0,66,1759,533188,616,354,58,56,133
Name#21191,61,0,4,718,19866,5693054,9891,3661,1027,1401,1611
NAME#22494,58,2336,0,101,3060,930493,1170,596,118,173,215
NAME#22232,70,1121,1,168,3279,915208,2036,747,254,227,220
Name#31521,16,0,2,269,7016,1670670,4261,1399,483,505,466
name#12508,56,2088,4,251,7004,1477991,3292,1743,381,420,485
name#31797,82,3222,10,473,12059,2642603,5266,1628,817,839,877
NAME#31378,66,2453,3,415,10799,91439,5327,2642,588,662,808
Name#12675,83,0,1,222,6231,1747457,2493,1133,390,413,391
name#1355,17,1920,6,803,18389,5280696,8587,2192,1259,1250,1288
Name#12877,78,0,1,238,5838,1422098,2908,1112,343,333,412
name#31912,12,0,0,16,254,64709,167,44,8,13,16
Name#12534,97,1839,2,763,20115,5876624,7521,3570,1214,1300,1146
Name#12691,56,2756,0,78,2090,742812,581,268,55,121,180
Name#12262,92,0,0,77,1589,166022,890,225,117,120,102
Name#21559,14,2811,5,643,17493,3161030,7850,3448,1088,1150,1118
name#31652,97,0,3,222,5677,1304410,3485,1190,305,393,383
name#31663,76,1723,1,131,1372,331772,1767,188,127,149,161
name#31143,95,0,0,88,2156,553471,1136,463,142,135,130
name#12231,70,0,1,155,3620,355103,2542,831,287,302,300
Name#31272,76,0,0,107,3107,861111,1422,761,131,189,314
name#31636,93,0,2,445,12602,1376840,5699,2643,769,815,871
Name#31538,34,2566,0,59,1367,371863,624,192,112,118,129
Name#21586,9,0,6,468,10028,451273,5915,1874,743,796,902
sugar#41213,14,0,0,31,131,29874,171,7,17,18,40
Sugar#22492,32,0,2,523,13051,4081417,8220,2051,990,1095,1035
sugar#12818,77,0,10,2042,34254,9198271,20217,3446,2334,2354,3174
SUGAR#12148,70,2102,0,47,1436,410685,641,332,92,121,75
SUGAR#12682,29,1713,3,196,4742,1431362,2886,941,295,284,212
Sugar#31896,92,0,3,816,17874,3166323,10124,2915,1378,1449,1303
Sugar#31251,11,0,6,343,9998,302693,4288,2498,379,521,811
sugar#22465,28,2120,2,326,1512,161569,4517,93,183,210,582
Sugar#12689,31,0,0,72,2001,553887,898,301,155,145,105
Sugar#12214,21,0,7,1603,31663,6311417,16806,1793,2276,2411,3039
Sugar#3650,35,0,2,155,3925,400544,1954,837,265,305,274
sugar#31140,18,2194,2,370,9326,2332429,4543,1740,627,711,511
Bubbles#21595,84,3057,10,2168,43601,9054842,26786,1922,2701,3322,4589
Bubbles#13395,86,0,3,90,2487,701802,1104,641,103,128,123
Bubbles#13278,61,0,1,74,2002,597542,532,271,66,84,151
Bubbles#21739,92,2825,2,359,8729,2931106,3447,639,613,605,683
Bubbles#12609,21,0,7,203,3605,604617,1991,590,284,268,332
Bubbles#12997,75,2251,3,600,15331,3306239,6860,947,1088,1314,1208
bubbles#12237,60,902,9,387,8024,2103851,5311,1420,607,582,421
bubbles#1633,53,1925,3,164,4041,319116,2211,601,285,294,214
Bubbles#12987,57,0,2,134,4144,651433,1616,776,173,239,353
Bubbles#13430,83,2676,0,66,2031,721881,782,288,102,129,181
Bubbles#13658,32,0,2,438,9706,2737389,4846,1038,764,778,735
Bubbles#12828,54,2673,1,61,1206,273338,587,186,67,94,81
Bubbles#13836,49,2127,0,80,1593,467210,752,147,92,116,116
Bubbles#12860,11,0,6,1381,35524,7124281,16040,3488,2344,2460,2717
Bubbles#21996,48,3158,1,70,1959,532405,701,471,77,84,145
Bubbles#12225,26,2207,4,64,1894,12588,646,502,91,130,193
Bubbles#21610,8,2499,8,145,2473,56944,1948,391,186,208,280
Bubbles#21730,23,0,4,889,20808,5548770,9428,3164,1431,1451,1476
Bubbles#12521,9,0,9,783,11306,1738210,10182,1429,821,820,1234
Bubbles#12518,83,0,2,399,10627,3460324,6096,2643,551,649,676
BUBBLES#31407,53,3259,8,477,11030,1384039,6184,1826,723,947,971
Bubbles#13408,23,3800,4,196,6381,2184531,2209,831,233,298,471
Bubbles#1873,57,2191,5,1424,37517,6322661,14136,6606,2152,2221,2710
Bubbles#13794,16,2772,2,304,7296,2329194,3009,482,509,515,443
Bubbles#21339,14,3519,18,3391,100544,21462840,43164,13078,5237,6921,7740
Bubbles#21723,77,2646,7,1080,16569,3040942,15105,1748,1343,1488,2009
BUBBLES#13696,35,3074,0,45,1012,317191,547,81,82,63,79
Bubbles#13921,36,3199,1,97,2411,723013,1534,426,140,137,148
Bubbles#12352,60,0,3,1061,23632,3889393,9338,2585,1391,1593,1859
bubbles#13958,83,1665,2,142,2338,652052,1723,204,174,191,176
Bubbles#13269,70,0,2,162,3747,1294703,2578,523,281,295,332
Bubbles#21884,0,0,2,491,12417,3970624,5012,1484,681,851,925
Bubbles#21239,50,0,1,199,4070,1086275,2142,815,258,255,335
Bubbles#12179,61,3349,1,92,1790,252892,1200,244,143,115,135
Bubbles#12515,13,3038,1,77,2100,561580,804,141,136,146,141
bubbles#13802,80,3350,1,62,1693,488568,671,182,92,109,123
Bubbles#2450,45,2725,5,1207,29637,5602419,13230,4358,2026,2161,2301
Bubbles#11858,63,0,6,1383,22818,1818017,15634,2847,1497,1519,2236
Sheriff#22565,48,0,3,127,3626,1081430,1169,454,193,240,292
Broker#2842,18,1627,1,303,8827,2834598,3386,1265,472,565,922
Broker#3313,1,0,2,178,4075,758155,2508,807,249,312,338
Broker#11899,13,1868,7,1831,41533,12419840,21045,5378,3054,2639,2380
Broker#1990,2,2797,10,2061,53071,10885354,21184,6321,3023,3568,3851
broker#3315,19,0,3,149,2758,339343,1991,561,200,184,234
broker#2844,22,2312,12,2463,64334,4918945,33139,11786,3959,4699,4807
Broker#31650,78,0,0,63,1745,550961,793,343,105,125,149
Broker#21397,63,0,8,1266,32252,6700469,17250,6558,1881,2175,2240
Prisoner#31424,48,2373,0,35,620,159206,612,120,72,43,19
Prisoner#21181,24,0,2,232,5727,1231704,2818,1073,387,373,353
Prisoner#1723,79,2635,3,457,14132,509738,5826,2110,676,974,1425
Prisoner#1226,32,0,6,945,24313,7056883,10898,1921,1503,1993,1926
Prisoner#4420,13,0,0,23,712,201672,252,208,19,31,75
Prisoner#31681,65,0,2,124,3425,301913,2028,840,200,269,299
prisoner#31809,8,0,6,924,21638,1709412,11160,3673,1324,1531,1721
PRISONER#21441,30,0,0,7,152,36462,48,66,4,4,11
prisoner#3780,61,0,5,165,3717,20571,2335,760,285,281,327
Dentist#11153,59,0,8,2248,53466,8466650,28208,5684,3158,4037,4768
dentist#21165,94,1028,0,82,1880,312456,1035,390,110,128,169
Dentist#21555,87,2478,1,117,2959,446245,1608,519,183,202,226
dentist#21165,94,1028,0,82,1880,312456,1035,390,110,128,169
Dentist#11153,59,0,8,2248,53466,8466650,28208,5684,3158,4037,4768
Dentist#21555,87,2478,1,117,2959,446245,1608,519,183,202,226
Dean#13367,28,1908,16,3767,88901,29379244,53963,19636,6482,6553,5614
Dean#22341,47,0,7,1322,39958,13623331,15061,4441,1834,2405,3870
DEAN#32681,31,0,6,1892,44972,3964815,24522,6537,2805,3057,3466
Dean#22943,23,2129,3,971,21804,6797591,10081,2755,1511,1593,1327
Dean#22819,57,2901,4,588,17709,5155954,6260,3501,836,936,1094
DEAN#32188,46,2585,8,1451,38700,64978,15938,9631,2316,2527,2508
DEAN#3521,85,2106,2,245,6618,88946,2954,1549,351,497,738
DEAN#22955,15,0,4,512,12381,3898368,4835,1821,741,781,946
Dean#3486,28,0,5,215,5768,62474,2480,1305,371,509,479
DEAN#32629,87,3009,4,188,3821,1132002,1628,390,262,239,342
DEAN#13859,88,1825,1,552,14724,3521692,5987,2491,878,1033,912
Dean#22311,66,3479,0,126,3267,996069,1032,591,162,204,260
Dean#1210,88,0,10,1895,46708,6772148,26469,7861,2998,2965,3131
DEAN#32465,19,2455,2,555,4023,867804,4738,445,410,345,919
DEAN#32245,64,2326,1,56,1290,336935,728,116,92,100,109
DEAN#32854,26,2363,6,1421,33252,5383360,22665,5813,2420,2599,2353
dean#22445,66,0,8,1974,38985,11324678,19763,1533,2657,3183,3631
dean#3909,17,0,3,456,13671,677160,5878,3140,674,816,1038
Dean#6699,28,2861,7,435,12294,3322,4485,2487,582,836,1067
dean#32722,21,0,4,477,10569,715760,5755,2451,701,678,831
Dean#13132,86,3366,12,3347,84242,10674301,38361,8574,5032,6113,7781
Dean#32120,86,2750,1,224,4751,1236772,3314,949,319,345,343
DEAN#13761,65,1393,4,350,8126,1133044,4415,1722,511,584,640
DEAN#32520,74,0,7,986,21859,1973691,14400,5413,1623,1598,1484
DEAN#32621,46,2171,4,368,9426,2379463,5123,2148,632,615,549
Dean#1182,4,2984,2,307,7514,2474638,2950,773,468,530,555
DEAN#32594,63,2153,4,456,11512,2521756,6014,1611,801,947,879
Dean#13621,42,3418,8,1759,51484,1512000,19035,9226,2712,3273,3518
Dean#22592,10,1682,1,67,1398,389294,631,147,82,94,104
Dean#14787,30,0,8,3038,81678,19128381,27874,8484,4532,5596,6017
Dean#13873,77,0,2,315,9273,3056874,4496,1392,510,536,577
Dean#32890,61,2062,6,892,15875,75911,8015,3129,1094,1193,1611
DeaN#13899,79,0,2,888,21574,7055035,9855,1886,1524,1737,1776
DEAN#32339,80,0,2,64,1586,24953,801,339,88,172,129
DEAN#22706,13,2186,3,357,8647,791060,4703,1635,525,545,454
Dean#22852,15,2519,8,592,14494,2211457,7300,1802,826,1100,1230
Dean#13832,58,3100,5,404,11663,2467180,4933,2512,538,599,761
DEAN#32420,68,1917,4,694,14655,3995793,8265,2399,1033,1080,1094
Dean#2172,42,0,2,240,5306,58304,2965,1179,359,389,432
Dean#22140,74,2773,6,464,11926,1241423,5483,2126,750,720,670
DEAN#14912,62,1940,0,1,113,29712,29,44,2,0,8
DEAN#31518,7,2399,7,527,12771,773285,7627,2644,962,1036,873
DEAN#32233,6,0,3,339,8388,2152541,4662,1993,576,591,428
DEAN#14268,50,2377,0,13,593,156390,115,157,10,13,46
Dean#13281,98,0,1,392,8498,1545304,4123,2184,522,536,527
Dean#13204,50,0,8,1490,29646,3608699,16319,3828,1942,2355,3356
DEAN#32156,74,2434,2,194,4473,321511,2584,1122,333,325,341
DEAN#32114,95,2218,2,411,8251,961337,5948,1590,551,658,873
deaN#13557,2,2241,3,533,14663,280494,5819,3175,860,1021,1098
Dean#13996,38,2386,2,303,8161,2627112,3555,1224,522,486,504
DEAN#32635,25,0,0,47,1297,399371,523,301,59,75,131
Dean#22813,26,987,2,75,1355,315546,1041,251,107,107,155
Dean#13659,64,2022,2,284,6923,71428,4213,1594,418,417,376
DEAN#32212,71,1858,0,90,1190,272778,962,137,85,101,98
Dean#32733,76,0,7,989,18440,4888375,13069,2860,1412,1574,1625
Dean#32688,16,0,5,309,7608,17578,3996,1549,492,533,564
Dean#32610,96,1964,4,1278,30335,9010598,13133,4946,2130,2301,2199
Dean#32618,41,2760,10,1333,37290,10131623,18442,8264,2022,2193,2492
Dean#32457,14,0,0,20,546,153714,207,151,23,32,43
DEAN#13958,26,0,0,57,1477,166504,612,383,71,83,128
DEAN#32864,74,0,1,191,4804,444988,2594,959,292,342,319
Dean#22688,52,2037,2,123,2755,682605,1475,439,196,224,179
Dean#41394,46,0,0,61,1601,499740,700,284,89,93,108
DEAN#32987,57,3228,6,643,10679,2268869,6039,619,613,810,1619
Dean#32598,82,2676,4,177,5088,1311028,2137,1072,221,318,417
Dean#32718,1,0,5,179,4716,314378,1570,1212,227,291,356
DEAN#32721,92,0,3,370,8054,1384525,4161,1687,547,517,542
dean#32376,11,0,3,254,6532,1308804,3620,1348,399,430,356
DEAN#32801,45,1774,1,327,5379,57221,3711,611,395,499,866
dean#2970,39,0,2,71,1438,425602,934,353,94,101,124
Dean#32206,85,0,4,1076,28950,2962403,12211,4776,1732,1888,2018
Dean#32236,19,0,2,361,9191,740481,4482,2140,534,693,833
DEAN#32868,31,0,2,208,4748,158159,3343,1091,327,390,312
Dean#13801,4,0,8,868,21944,2717777,11724,4016,1360,1713,2069
DEAN#32337,78,0,4,465,10594,2071020,6271,2117,793,788,649
soldier#12107,32,0,2,69,2073,54557,947,568,87,105,155
Soldier#11958,18,0,6,65,1778,2700,563,356,102,138,168
soldier#31907,60,0,4,367,8524,398990,4753,2228,598,678,584
Hoppelhase#21947,29,2306,5,1167,28980,8301829,15725,5441,2109,2226,1922
soldier#11406,31,0,2,276,7084,329271,3245,1666,450,522,518
soldier#12373,57,0,1,21,659,181653,295,121,29,40,53
Soldier#31227,33,0,1,170,4611,108670,2044,917,279,327,377
RankerZARYA#1219,73,0,2,74,1823,561234,453,258,95,102,185
courier#11985,91,0,2,333,6763,1977436,4403,489,473,555,398
Courier#1610,16,0,4,1425,42698,14402631,15984,4951,2111,2540,2704
Courier#21459,34,2545,2,92,2273,196755,1237,390,148,160,159
Courier#31321,34,0,2,292,6368,480887,3290,1282,439,549,596
Courier#11595,1,0,2,527,12615,3841031,5539,1941,895,892,866
Courier#1867,16,0,4,1056,26901,2634297,14714,3723,1783,1845,1645
Courier#11598,9,0,5,541,11555,2970946,7239,1698,774,932,1046
Courier#21847,20,0,1,49,1284,354817,645,163,80,87,149
Courier#11856,84,0,3,1237,25842,8235149,14842,3624,1919,2252,2171
Courier#11982,60,0,2,328,8358,365628,5051,1077,561,629,635
Courier#11858,63,0,2,207,3630,1109230,2562,438,273,324,383
Engineer#21908,33,0,0,60,1461,470223,571,173,99,147,157
Engineer#21750,5,0,5,859,20832,539261,11270,3847,1192,1367,1649
Engineer#21262,48,2031,5,460,11567,3402023,6627,2525,705,791,694
Engineer#21495,95,0,0,77,2004,587540,972,437,117,122,181
Engineer#2304,53,2532,9,1320,32870,770712,16070,6080,2268,2333,2220
Engineer#21630,70,2366,5,86,2059,333202,729,408,123,149,182
engineer#3368,49,0,6,1793,47234,10196996,18893,7450,2901,3650,3292
Engineer#31725,5,0,1,85,2000,563835,834,311,123,133,178
Engineer#21890,95,0,8,2036,50727,8856950,25887,4288,3317,3994,4818
engineer#3882,7,2071,3,529,9818,345497,7262,1185,672,779,1214
Engineer#11884,37,0,0,53,1186,293243,629,198,69,75,78
Engineer#11242,89,0,0,111,2692,834709,1321,254,173,252,207
engineer#31974,66,0,11,1687,35409,9100353,23088,6132,2613,2486,2441
Engineer#31720,38,0,2,70,1488,8127,1023,312,98,93,165
ENGINEER#11633,20,0,0,48,1696,562467,605,462,46,62,143
Engineer#31211,19,0,5,525,11170,1889985,6666,2274,815,857,835
ENGINEER#31592,99,0,6,1931,51482,10044363,21026,8329,2757,3669,4945
Engineer#21757,1,0,3,56,1098,131564,836,241,76,93,69
Engineer#21894,65,0,9,1473,37440,9323089,16677,6889,1993,2437,3189
Engineer#11373,49,0,0,16,277,82719,144,20,25,32,31
Engineer#21122,60,0,0,58,1538,499084,745,190,90,103,122
Engineer#21905,28,0,6,375,6903,752897,5180,1200,499,571,744
engineer#11757,20,0,0,35,577,148193,431,16,37,57,50
deletebot#1951,15,0,0,27,733,258341,245,121,40,49,48
Engineer#11744,30,0,1,99,2597,41207,920,430,107,139,244
Engineer#11502,13,0,0,16,677,217009,179,156,27,35,50
Engineer#21513,31,0,0,60,1895,655969,472,267,50,72,183
tiler#31757,49,3405,3,178,4721,1358719,2205,948,254,266,318
Tiler#11128,62,0,0,90,2731,773816,1058,403,132,181,190
Tiler#31500,65,0,2,154,3518,1040812,1629,741,219,212,198
Tiler#1664,75,0,1,552,14011,1522486,6092,2382,931,957,751
student#31950,27,767,1,165,3163,793874,2673,440,296,279,216
StudenT#21751,63,0,1,436,10782,3085811,5385,1929,745,830,802
actor#21411,6,0,1,122,3139,987835,1330,338,174,219,235
Actor#21668,61,0,6,196,5837,1803756,2808,1068,273,351,432
actor#3622,9,0,4,299,7158,71732,3568,1628,441,524,600
Actor#4356,29,0,0,26,713,232681,316,124,59,62,54
Actor#4355,83,0,0,86,2199,434526,1105,421,120,150,139
Actor#11931,28,0,0,74,2032,607325,698,258,114,127,128
Actor#31284,8,0,1,121,2502,703162,1678,468,198,187,192
Horseman#31412,78,2131,4,570,8142,412750,6921,1029,671,724,1231
Horseman#1537,86,0,8,2352,65059,13590051,28864,8684,3455,4444,5489
Horseman#11680,85,0,7,1018,29522,8948698,9230,3902,1584,1792,1818
HORSEMAN#11299,53,0,0,34,679,203046,453,75,78,73,64
Horseman#11550,24,0,3,185,3871,780200,2796,649,294,280,392
HorseMan#11429,12,0,0,23,756,225475,231,213,16,33,54
HORSEMAN#31927,78,2625,1,353,9424,486521,4217,2250,521,663,696
Horseman#2570,10,0,4,354,9538,1166078,4070,1334,549,789,856
horseman#31284,73,0,1,92,2560,643608,1083,531,120,136,177
Producer#11686,37,2905,4,150,3406,174669,2003,577,208,276,264
Producer#31443,92,0,0,150,3346,900935,2308,607,241,245,246
Producer#11688,42,0,1,100,2288,632806,1273,268,193,178,184
Producer#31312,68,0,1,443,11279,384198,5180,2725,632,786,1046
Producer#31184,13,0,2,142,3849,512245,2174,932,223,237,231
Artist#31415,45,3234,12,147,4315,1180641,1456,789,200,245,257
ARTIST#31654,39,0,3,459,8859,2397860,7274,1590,654,634,725
artist#31542,32,2156,2,110,2635,110910,1359,745,140,197,242
Artist#31414,98,3367,1,235,6098,1654358,2410,1796,325,345,468
ARTIST#31407,92,2217,1,144,3766,925850,1724,667,214,272,243
ARTIST#31142,53,0,17,6200,67362,15706546,60623,4746,5649,6726,10584
Artist#31129,29,2906,9,651,17315,313158,9008,3967,1016,1095,1057
artist#31283,60,2657,0,50,1121,287342,485,252,60,85,71
aRtist#22924,97,2202,0,59,1987,666544,1186,378,113,111,121
Artist#11522,74,2536,3,191,4472,680438,2190,641,291,371,383
Artist#31410,3,0,4,180,4364,677733,2344,1004,306,337,296
ARTIST#31416,84,0,1,65,1782,527282,1100,386,120,136,147
Artist#31786,73,0,2,147,4585,951350,1966,1140,238,267,397
Artist#3665,15,2808,5,144,2957,16585,1406,652,193,238,284
Artist#31664,45,2549,3,630,14327,3919170,8717,2984,990,1077,1052
Artist#31153,92,0,1,98,2481,648466,1241,486,156,156,159
Artist#31661,8,2501,11,1313,29366,5161154,15840,3927,1942,2180,2441
Artist#31911,69,0,1,141,4483,763402,1677,1113,213,267,319
ARTIST#31538,26,0,1,199,4619,1230069,3587,1051,387,417,381
ARTIST#31525,36,2449,1,50,1413,377662,660,404,75,78,84
Artist#31281,76,0,0,67,1560,415258,784,268,107,121,136
ARTIST#31928,28,0,4,584,18196,2231945,7080,3452,815,1134,1669
Artist#11141,20,0,3,424,11131,2352865,5304,2271,637,698,818
Artist#3294,0,0,2,104,2274,121446,1290,505,187,188,171
Artist#31906,35,0,3,74,1845,56661,887,455,119,159,149
Artist#31784,67,0,0,72,2147,548265,951,398,119,135,183
Artist#11663,4,0,0,5,73,15117,7,11,4,8,7
Artist#22653,67,0,1,66,1301,312839,794,147,82,96,105
Artist#31392,95,0,1,77,2231,300772,859,512,100,164,204
Artist#31152,22,0,0,51,1538,434156,606,300,84,96,119
Artist#31910,72,0,0,112,2902,199847,1717,659,198,217,185
ARTist#31141,43,0,0,99,2477,617088,1260,422,163,151,134
Artist#11789,29,0,1,128,4034,1317415,1167,477,204,232,307
Artist#31908,15,0,1,63,1591,223399,651,362,79,110,136
artist#3166,65,0,3,316,8346,179003,3527,1236,366,644,1111
Artist#31909,82,0,0,51,1396,336065,480,379,58,85,95
Artist#1890,65,0,1,294,7260,698653,3395,1140,509,526,500
artist#31799,25,0,0,48,1107,291296,502,316,69,76,55
ARTIST#31659,19,0,3,116,2659,787999,1612,648,191,185,234
Artist#31400,88,0,1,78,1881,365345,1070,360,133,119,92
Artist#31533,82,0,3,59,1707,302151,818,295,77,107,108
Artist#31404,55,0,4,305,7808,1790753,5022,1974,490,527,548
Artist#31279,64,0,2,57,1598,459789,529,292,73,90,147
Artist#31409,47,0,1,48,1169,50562,653,259,74,91,92
Preacher#1725,81,1800,10,610,14229,2391565,7250,3031,934,1006,924
Preacher#22555,7,0,14,2270,60640,16751507,24264,4592,3535,4608,5395
Preacher#11556,54,2600,11,2963,64650,13945955,25142,5181,3569,4904,4701
Preacher#1980,76,2203,5,349,8829,597037,4189,1485,531,566,668
Preacher#2282,21,2783,1,71,2110,9375,719,380,83,116,177
Preacher#2659,70,0,3,1126,22298,3176141,15133,3294,1686,1681,1796
Preacher#22668,12,2581,2,354,9823,2443618,4508,2305,553,620,608
Preacher#1212,74,0,4,738,19638,1096095,8883,4047,1180,1274,1472
Preacher#1349,42,0,3,665,11855,663759,7767,1443,826,993,1450
Preacher#1981,88,1581,3,439,9288,2708583,5094,807,650,704,693
Preacher#22136,17,0,3,666,14887,1276325,8282,2422,1005,1164,1251
Preacher#31911,0,0,1,187,4661,34375,2152,1089,297,312,308
Preacher#22935,61,0,1,276,7331,2020364,3888,1345,479,497,458
Preacher#11833,61,0,0,71,1629,485918,657,169,95,103,94
Preacher#11195,30,0,0,45,1061,319667,363,82,48,88,66
Preacher#11427,34,0,7,1706,46581,2190789,20757,7816,2864,2686,2348
Astronomer#11326,97,574,2,134,3898,1360482,1288,1121,176,222,269
ASTRONOMER#31588,56,2328,5,693,15554,4080784,9482,2761,1143,1140,1060
Astronomer#21457,25,0,0,12,326,95070,166,78,20,15,22
Candidate#11796,43,0,0,43,1056,325047,471,168,72,79,66
Examiner#31114,68,3188,10,3583,92848,14678972,37804,12866,5065,5994,7310
sheriff#31814,87,1293,2,762,17486,4732721,7382,3498,1136,1320,1310
sheriff#11566,28,2911,4,409,12101,1810279,5307,2389,608,715,723
Sheriff#1670,0,2145,5,1202,29215,6376534,15117,3695,1950,2086,2007
Sheriff#2801,19,2472,7,143,2782,358607,1663,440,197,204,236
Sheriff#22173,31,0,3,384,8575,517691,4636,1461,545,632,734
Sheriff#22308,22,0,0,22,705,210189,220,122,27,50,51
Sheriff#31943,52,0,2,93,2416,241510,1461,553,151,135,147
Sheriff#11825,93,0,1,225,4649,1285648,3225,478,386,404,390
soldier#31398,68,0,1,231,5031,1189000,2950,968,382,383,394
Soldier#31370,95,0,2,588,17459,3590712,7453,3240,926,1331,1770
soldier#31673,65,1211,0,70,1959,508059,1184,356,122,137,143
SOLDIER#31895,73,0,4,618,13003,1477085,9897,2480,1005,1108,970
SOLDIER#31260,98,0,3,239,6062,962149,3005,1020,329,440,447
Soldier#31763,83,0,1,107,2629,158249,1401,459,181,188,142
Soldier#12135,24,2902,4,56,1576,479783,780,250,111,119,106
Soldier#31242,75,0,4,1013,23283,589478,12918,3968,1569,1829,2080
SolDieR#2548,1,0,1,338,8789,1269735,3688,1524,513,622,655
Soldier#11425,50,3582,1,72,1970,313310,1070,396,121,112,138
soldier#31255,98,0,4,219,5611,319910,3325,1320,343,397,389
Soldier#12361,54,0,6,1063,29642,6490506,13849,5279,1583,1921,2556
Soldier#22875,41,0,2,58,1630,509130,670,339,104,95,140
SOLDIER#31774,23,0,4,385,10975,764879,5238,2245,664,839,863
soldier#3938,89,0,1,240,4103,634331,2837,364,308,364,340
soldier#31644,35,0,2,246,5574,723971,3344,1038,402,512,419
Soldier#31507,24,0,3,89,1989,217575,1242,312,139,145,181
soldier#31122,63,0,6,91,2289,41430,1091,541,128,181,198
soldier#11821,19,0,1,133,3342,469205,1616,679,235,254,249
Soldier#22640,82,0,0,70,1413,255196,737,254,92,98,122
Soldier#31615,77,0,3,251,6408,890993,3252,1464,450,469,479
Soldier#31417,5,0,0,3,100,29290,22,37,3,2,13
Soldier#12113,15,0,3,105,2624,727994,1177,553,162,145,153
SOLDIER#31879,58,0,4,269,6937,87230,3085,1529,425,635,523
Soldier#12864,74,0,7,1899,54480,6567572,21158,8702,2906,3289,4015
Soldier#12776,64,0,0,61,2304,742813,639,456,77,118,203
Soldier#22736,34,0,7,388,9417,1148455,4277,1713,500,536,590
soldier#31413,17,0,5,342,7876,1711002,4283,1731,455,526,549
soldier#31480,9,0,1,109,2068,380350,1195,259,133,140,129
Soldier#31995,31,0,2,186,5070,15093,2243,1186,276,380,493
Soldier#31232,3,0,3,420,8663,399723,5796,1396,666,749,817
soldier#22485,99,0,2,379,9854,2744843,6016,1827,576,726,764
Soldier#12911,10,0,0,11,341,121548,71,99,18,16,36
Soldier#22619,57,0,1,59,1764,477777,783,307,96,135,144
SOLDIER#31151,34,0,3,473,11527,2862243,6052,3298,823,846,683
Soldier#31765,9,0,3,363,9946,249572,3185,1798,502,627,980
soldier#3929,21,0,0,29,842,67805,468,137,71,83,49
soldier#4358,15,0,0,17,482,143353,156,105,19,29,43
Soldier#11534,49,0,2,462,11551,152567,5638,1939,682,905,1108
Soldier#12502,71,0,7,451,11970,2610390,5924,2628,665,659,647
Soldier#22361,51,0,4,236,6135,1052143,2955,676,378,485,561
Soldier#12368,21,0,5,110,3276,940132,1284,450,204,217,238
soldier#12352,12,0,3,447,11135,1975410,5448,2224,699,813,822
Soldier#22892,23,0,1,54,1252,406629,715,120,87,85,82
Soldier#12888,16,0,1,63,1872,592002,910,345,102,112,104
Soldier#22333,53,0,2,312,7379,1595584,2659,1282,471,459,515
Soldier#31900,7,0,3,287,6838,941923,4113,1161,467,446,534
Soldier#31524,75,0,1,85,2041,217450,1175,512,141,169,140
Soldier#12267,24,0,0,63,1683,567674,618,144,144,119,116
Soldier#31750,86,0,2,172,4270,148305,2483,1044,271,288,320
Soldier#12266,25,0,0,49,1796,652792,889,176,131,141,130
Soldier#11432,29,0,0,41,1311,399773,548,330,52,47,95
Soldier#12650,25,0,0,68,1907,669285,609,326,101,100,194
soldier#11782,85,0,0,89,1840,46141,1209,370,136,164,157
soldier#2783,8,0,1,67,1464,368202,769,145,122,139,117
Soldier#11502,19,0,5,543,15494,1625304,6320,3012,855,969,1051
Soldier#2518,80,0,8,2292,68282,9447230,22236,14481,3574,4167,4759
Soldier#31648,99,0,0,135,2642,37265,1450,265,275,215,128
soldier#31349,72,0,1,411,8318,179081,4817,1937,614,517,389
SOLDIER#12263,13,0,2,382,13619,629936,3939,2217,508,660,1247
Five#11434,65,0,3,87,2168,229593,1173,263,135,163,191
FIVE#31920,92,0,0,60,1395,75755,735,300,108,98,112
five#21288,24,0,1,28,665,177625,341,124,46,43,40
Five#11572,81,0,0,153,4349,63989,1668,844,230,257,282
Five#2893,22,0,3,161,4298,821332,1989,974,237,260,337
FIVE#11570,83,0,1,116,2672,76963,1398,338,189,225,254
Poodola#1661,38,0,0,89,2640,859647,827,353,148,164,201
FIVE#21539,11,0,1,372,7885,1221637,3599,1379,510,565,676
five#31534,1,0,3,212,5298,147134,2426,1334,350,419,443
Five#11560,32,0,4,55,1348,97888,838,214,85,105,98
Cable#21813,63,1593,0,85,2034,655184,1224,374,143,122,115
Cable#12927,18,2547,25,7798,202839,51468093,72967,13790,9999,13757,19961
Cable#2623,84,2597,6,332,8288,834054,4053,1361,565,598,595
cable#2491,17,1642,1,226,4497,1375803,2299,946,352,336,313
Cable#12149,11,2479,4,217,4009,232104,2238,661,275,328,388
Cable#12802,3,0,1,85,2205,782306,1159,248,182,156,200
Cable#1569,88,0,17,2473,67306,16313931,31425,7966,4329,4843,4957
CABLE#31672,6,0,3,232,6554,30937,3182,1718,358,457,499
CABLE#1961,32,0,3,377,10321,3231856,4066,1472,576,759,904
Cable#1823,34,0,5,296,7427,673522,3486,1430,477,541,467
Cable#12801,58,0,1,69,1661,385065,576,73,91,104,180
Cable#1565,59,2931,4,534,16769,359291,7973,3526,779,1054,1576
cable#4421,62,0,6,1322,23023,2281442,14380,2696,1652,2053,2210
Cable#1824,98,0,0,251,4058,39711,2999,788,319,299,400
cable#12284,81,0,0,30,773,203549,260,67,47,66,53
Fact#31450,90,2357,15,501,11521,2299150,4744,2282,858,993,738
fact#11461,0,2594,3,24,728,213533,343,116,30,40,34
fact#31710,64,2629,4,264,7665,2137918,3989,2365,346,322,507
Fact#31193,25,2988,6,1076,25383,6925568,14479,6114,1739,1808,1922
FACT#31962,94,2306,1,402,9095,2732092,4796,2170,593,554,553
Fact#11845,64,2786,5,342,8001,632640,4024,1522,523,641,702
Fact#11707,1,3367,10,1743,46787,9993203,19054,7424,2730,3256,3121
fact#31834,78,1367,3,78,1698,420557,1061,338,123,102,76
fact#31577,13,0,2,139,3289,787810,1886,838,233,205,183
Fact#11586,64,0,11,3990,119153,26060779,53894,20666,6100,6608,6889
Fact#31451,52,2550,3,287,7667,2042500,3854,2195,443,483,389
FACT#31701,32,2684,2,201,5945,822334,2206,1345,265,335,414
fact#31840,0,1800,2,221,5056,1390059,2836,1160,359,351,292
fact#31194,88,0,3,439,10023,2663778,5304,2209,678,676,613
fact#31324,37,2792,2,189,4732,1193716,2299,883,282,278,323
FACT#31190,11,0,3,255,6450,217141,3050,1354,371,468,631
Fact#31955,81,0,6,391,11930,2225622,4921,2577,550,700,1006
fact#11462,12,0,0,23,599,194437,185,111,28,37,42
fact#31446,60,0,0,61,1450,309134,843,252,120,101,125
Fact#31187,53,0,2,96,2818,240900,1337,657,112,154,213
Fact#11962,91,0,0,64,1382,338215,722,321,93,97,80
FACT#31442,9,0,1,70,1528,54349,754,281,120,129,85
Fact#31968,16,0,0,8,247,66012,81,70,9,13,21
Fact#31576,48,0,3,417,9360,1705470,6893,1767,727,781,770
FACT#31578,66,0,1,76,1455,15094,793,302,123,111,78
FACT#31838,88,0,2,303,7628,1573887,3791,1668,476,557,474
FACT#31699,67,0,6,87,2318,20599,1103,631,157,138,140
FACT#31186,57,0,3,563,13992,199431,7596,3227,899,1025,911
Fact#21447,45,0,1,62,2091,589499,751,410,68,98,162
fact#3766,47,0,3,371,10199,404585,4862,2650,535,744,815
FACT#11329,53,0,2,82,1888,91466,818,437,116,140,125
fact#21444,4,0,4,259,6477,68388,3285,1802,419,369,372
Fact#31196,77,0,0,54,1583,472403,842,219,90,110,124
Fact#31183,65,0,3,991,28532,2357814,13701,7421,1658,1732,1879
FACT#31311,98,0,0,269,5568,814019,3178,1036,446,428,419
FACT#11331,60,0,1,59,952,2594,729,122,85,96,93
fact#2478,42,0,2,523,9814,2590955,4887,864,558,682,1035
fact#31706,22,0,1,103,2355,13541,962,771,103,169,159
Fact#31185,63,0,6,571,13296,183747,5153,2319,711,939,1253
FACT#11974,30,0,5,188,3919,440592,2368,823,268,277,286
fact#31320,87,0,0,127,2242,616296,1623,322,173,158,123
Groom#31297,6,0,6,635,16047,1717669,8440,4379,852,1018,1083
GrooM#2787,49,0,0,128,3843,627118,1482,789,218,226,253
groom#3818,19,0,4,660,12910,2033760,6243,1930,954,1089,1106
Groom#31426,27,0,1,30,799,251866,372,206,45,46,39
poser#11675,30,1923,0,54,1076,348356,746,65,103,74,70
Poser#11672,33,0,1,187,6220,1987293,1865,1095,208,281,531
Poser#11928,15,0,0,14,330,121888,275,73,22,19,18
Poser#11416,89,0,0,87,2461,460877,982,433,128,131,153
Scoop#11646,71,3385,12,2472,67762,17570454,28271,10728,3740,3813,3820
SCOOP#11775,71,3015,5,705,16082,976788,9621,2003,979,1275,1558
scoop#11901,39,3864,8,903,30056,4745338,11266,4850,1338,1681,2487
Scoop#11779,88,2793,1,239,6638,2168589,2488,749,381,411,424
Scoop#11135,28,0,1,273,6714,1973678,3122,1021,443,440,332
Scoop#11136,23,0,2,522,16054,5507610,5516,2382,944,945,1105
Scoop#21265,49,0,0,87,2671,792210,710,556,67,87,218
Scoop#11259,7,0,6,382,11122,2129665,5252,2195,601,759,889
ScooP#21648,8,0,6,640,15446,4182133,7348,1682,1022,1085,1040
Scoop#11773,45,0,2,407,10079,1257929,6608,1974,651,703,662
Scoop#11394,30,0,1,104,2716,839398,1147,475,133,160,174
scoop#11652,49,0,0,121,2815,877447,1309,143,176,213,226
Scoop#11134,51,0,1,207,6943,2399475,2271,815,197,314,737
scrub#1561,82,0,0,156,2539,769265,2219,512,256,225,125
Scrub#21651,28,2739,2,407,10705,1618029,5108,1705,651,784,754
ScruB#21385,37,3634,11,708,20490,2907986,9405,5136,1055,1173,1234
scrub#11163,74,0,3,642,13859,2886189,7417,1551,927,1075,1267
Scrub#1307,11,3549,7,491,11639,1155291,5223,1803,729,765,906
Scrub#11164,20,0,2,234,7096,2106041,2962,1471,247,324,764
Scrub#11305,26,2484,2,165,3560,1171712,1852,529,270,276,232
scrub#21126,69,0,1,224,5330,1517334,3247,816,413,495,520
Scrub#11947,31,0,0,65,1673,521025,638,218,120,125,105
Scrub#11825,9,3107,2,334,9603,2165789,3315,1923,451,497,580
Scrub#11292,81,0,1,154,4236,1064174,1659,700,181,198,294
Scrub#21763,29,2821,3,604,12741,1029017,5031,1309,789,903,1187
Scrub#11672,89,2682,3,471,12510,3337558,5765,1587,770,847,774
Scrub#21511,63,3683,6,332,9501,2700776,3453,1804,496,555,558
Scrub#1695,8,3455,4,623,19771,491135,7130,4736,913,1113,1444
Scrub#2794,70,0,1,124,3130,937081,1264,323,183,191,218
Scrub#21652,60,0,0,69,1826,591947,513,325,106,117,142
Scrub#21127,66,0,4,799,21106,670971,10060,4069,1210,1461,1457
Scrub#21908,69,0,7,1794,47196,6002215,22558,9342,2735,2815,2523
Scrub#11951,55,0,0,36,1052,363752,570,129,69,56,66
Scrub#21650,12,0,1,40,1219,419184,593,199,51,68,86
Scrub#11818,35,0,0,68,1834,644214,670,252,109,91,106
Scrub#11285,11,0,2,98,2202,314742,1267,360,181,159,166
SCRUB#21519,7,0,1,73,1586,97443,756,387,134,105,95
Scrub#11534,31,0,4,1169,27716,2760210,11443,4320,1781,2161,2330
Scrub#11944,0,0,1,41,918,273735,607,183,69,54,60
Scrub#11281,14,0,5,989,23231,4129905,15341,3484,1520,1747,1595
Scrub#11812,91,0,0,220,4668,1090705,2346,622,336,331,340
Scrub#21135,67,0,0,70,1660,461304,677,137,120,135,95
Scrub#21256,41,0,4,155,4472,875933,1973,1023,233,317,346
SCRUB#11697,12,0,0,28,762,240900,174,193,14,30,62
scrub#21128,37,0,8,1327,33981,9565168,18172,8133,1959,2092,2088
Scrub#21252,46,0,4,1450,28095,3414144,14945,2426,1707,2161,2892
Scrub#11434,4,0,1,70,2038,699173,678,195,104,151,167
scrub#21902,54,0,0,26,666,193004,296,159,28,39,53
perch#21197,36,0,3,936,20016,5094490,9568,3155,1238,1365,1470
Manor#21344,78,3015,0,46,1294,358876,538,197,72,84,118
soldier#12636,14,3087,2,164,4664,1429259,2415,799,242,274,243
soldier#12501,58,3116,4,862,25165,6893083,10381,4837,1314,1484,1630
Soldier#1394,29,0,11,765,21765,7592317,10220,4972,1060,1099,1390
Soldier#31267,33,2576,3,113,2607,98544,1386,698,163,190,213
SOLDIER#31541,64,2107,2,266,7029,2131346,4059,1557,467,609,705
Soldier#4872,29,2909,1,145,4285,1504075,1820,939,199,225,213
SOLDIER#31241,2,2356,7,686,17510,893516,10235,3720,991,1189,1360
SOLDIER#31287,87,1335,0,80,1743,437056,1354,321,138,108,79
Soldier#31497,32,2785,6,704,13787,964593,7998,2211,1000,1035,1289
Soldier#3681,57,2046,4,971,23329,3902011,11863,4570,1612,1687,1564
sOldier#31546,18,3101,1,68,1944,533775,602,317,77,137,204
SOLDIER#31150,52,2397,1,281,6710,729469,3301,1193,401,476,477
soldier#31544,68,1694,1,471,11578,3215061,5516,2566,769,747,679
Soldier#12578,97,2398,5,538,13070,2516235,6544,2582,817,918,978
Soldier#31146,85,0,10,745,18432,5533422,9572,3415,1061,1120,1200
Soldier#31149,53,2200,6,459,10158,2772750,6047,2247,705,724,724
soldier#31137,87,2450,2,228,5635,1222132,2652,1205,358,424,442
soldier#31924,60,0,2,428,9676,2487085,4604,2235,601,638,553
Soldier#31393,38,1494,2,237,5892,1001373,3927,1192,412,390,358
SOLDIER#22240,93,0,2,197,4458,1281627,2614,825,362,370,386
Soldier#31281,82,773,2,231,5263,1288064,3675,970,379,375,271
soldier#31409,96,0,1,97,2452,675864,1533,504,163,171,146
Soldier#31779,18,1780,3,321,9250,1428468,4501,2366,497,595,674
SOLDIER#12262,89,3640,2,80,2322,579850,502,451,78,137,164
soldier#12376,67,2478,3,117,3331,1221258,2036,696,168,167,141
Soldier#31380,43,0,3,156,3400,486808,2300,695,211,276,305
Soldier#12526,21,0,0,69,2175,729680,365,309,102,85,216
Soldier#12875,0,2504,6,346,9745,1303900,4867,2094,515,535,483
Soldier#12889,89,0,6,2188,37918,6811660,31093,3397,2645,2656,3269
Soldier#22902,20,2740,5,599,16713,1720807,7488,3659,948,1027,1068
SOLDIER#31508,72,2293,2,110,2523,197992,1439,659,179,170,200
Soldier#12139,62,3604,0,11,374,120873,125,58,14,13,28
Soldier#1297,98,2120,3,345,8316,2489535,3640,1161,599,566,562
Soldier#31264,84,0,7,426,11409,3249059,5668,2256,675,750,796
Soldier#31262,88,3126,6,618,17960,3346276,7923,4604,765,889,1217
Soldier#12386,79,3030,4,112,2388,362604,1015,456,139,175,227
Soldier#31533,95,2533,2,403,10071,2407408,5288,2181,633,668,506
Soldier#31401,5,3094,4,537,13393,3160213,7736,3221,809,986,985
Soldier#31659,66,2339,5,966,22292,6116424,14027,4748,1560,1656,1597
soldier#31379,8,0,2,413,8709,759168,4643,1668,650,678,724
SOLDIER#12886,45,0,2,206,6551,1763472,2196,1594,266,386,561
Soldier#4100,75,3117,0,55,1562,441175,354,274,40,66,122
SOLDIER#31921,99,2235,0,79,2124,534673,1029,401,144,149,166
Soldier#22508,62,2876,6,1375,40498,13251154,18939,6609,2490,2679,2954
Soldier#31669,56,0,0,67,1222,324707,1005,224,93,67,92
SOLDIER#31536,2,1773,4,545,12106,3104629,7081,2828,846,864,840
Soldier#11369,24,0,5,319,9948,653529,3952,1225,502,553,606
soldier#12134,1,2740,6,71,1571,461468,1028,191,102,88,60
Soldier#12732,58,2273,8,1775,52100,8083887,22695,12475,2687,3002,3535
Soldier#31248,27,3681,8,215,6048,1039597,2764,1648,276,342,430
Soldier#31780,9,1614,1,60,1791,224795,1015,393,116,157,121
SoldIer#31993,79,2356,2,362,7613,1105012,3739,1268,434,482,517
Soldier#31735,9,0,4,183,5146,67242,2501,1138,285,439,372
SOLDIER#31126,29,1431,2,154,3845,591672,2392,625,292,285,272
Soldier#1419,50,0,4,654,12825,2787706,7753,1788,787,1019,1307
Soldier#22641,70,0,4,798,17087,4841978,9229,2653,1305,1354,1309
Soldier#11273,32,3131,7,1166,33317,441378,14517,8972,1852,2111,2296
Soldier#22900,53,2578,0,31,859,261241,356,162,53,54,64
Soldier#31261,16,2003,3,406,9036,885595,5022,2000,665,681,550
soldier#31889,16,2038,5,585,14770,2652497,8946,3436,872,973,967
SOLDIER#22130,30,0,0,65,1662,404691,717,347,106,92,86
Soldier#22258,79,0,0,60,1167,321459,806,66,74,113,103
Taps#11604,77,2819,3,97,2933,870625,956,515,140,165,191
Taps#11731,67,0,3,1220,29685,9505465,12404,5360,1824,1877,1790
Taps#11988,98,0,4,847,20625,3266176,7789,2437,1322,1436,1351
Strut#11270,81,2506,3,598,13222,2213860,7573,1524,933,1031,1176
Strut#11398,56,0,2,559,12197,3156660,6126,2037,753,937,1214
Relay#21123,92,0,0,39,972,331545,306,146,29,36,73
RELAY#11760,35,0,0,65,1717,508381,792,258,118,129,143
Kazz#11505,11,0,7,541,11475,337969,5894,1547,711,820,1209
party#31736,50,2320,1,71,2059,590238,976,498,96,123,142
Party#12343,2,2863,5,814,21421,6616035,8110,2662,1327,1587,1462
party#31222,90,0,0,137,3324,888093,1901,844,190,226,189
Party#2885,20,2685,7,1293,34731,6863393,15755,4461,1981,2314,2680
Party#31607,8,0,2,95,2814,236404,1004,747,110,148,242
PARTY#31865,79,1645,4,465,9508,2489297,6517,2020,665,636,562
party#31221,14,0,1,102,2348,520638,1447,375,177,166,169
Party#12347,41,0,1,100,2241,660071,1137,276,161,199,186
Party#1790,92,0,14,4399,142544,27397785,58960,20095,5146,6706,12615
Party#12606,98,2205,5,608,16698,4097612,7627,1828,1050,1175,1171
party#3868,19,0,4,506,12083,749134,5820,3353,859,859,773
PARTY#31476,38,0,7,540,15969,126304,7901,4354,849,913,973
party#31223,3,0,1,61,1398,407630,565,290,81,106,81
Party#21223,15,0,1,304,6541,1906396,3221,686,447,519,598
Party#12220,56,0,0,49,1363,413752,476,146,67,90,87
party#31479,52,0,0,110,3326,880140,1477,493,215,226,255
Party#1141,65,0,3,469,12939,298024,6280,3202,786,736,710
PARTY#31863,26,0,1,119,2621,92742,1885,455,211,210,259
Grab#31150,13,2042,3,67,1409,220610,754,222,87,124,107
grab#31283,52,0,0,80,2439,682082,949,571,135,192,198
Grab#31797,69,3170,0,46,1177,306673,670,327,55,65,69
GRAB#11404,85,2737,2,215,6083,892414,2874,1102,283,363,294
Grab#21537,66,0,1,7,128,37794,40,22,7,5,9
Grab#11918,94,0,1,64,1420,15742,581,253,106,149,110
Grab#11790,53,0,1,73,1762,494826,907,375,99,112,100
GraB#21795,44,0,0,4,104,22770,42,32,7,3,6
Grab#1783,17,0,4,374,8839,9871,4752,1847,637,645,660
Grab#11661,17,0,3,358,8384,219081,4461,2169,460,676,860
Grab#21277,78,0,5,1016,23094,3329998,11058,3472,1613,1721,1511
Grab#11532,22,0,2,226,4719,838971,2908,584,298,360,514
Thus#31608,76,2675,3,284,7105,631593,4196,1893,435,429,391
Thus#31737,93,0,15,419,13703,277361,5750,4069,513,712,1053
Thus#3374,90,1774,9,2174,49129,7835596,21250,8242,3508,3789,3555
THUS#31994,33,0,5,1016,27147,2958419,13729,5720,1638,1926,2039
Prank#31919,31,0,2,592,8657,2503201,5266,840,632,678,1026
Prank#11547,55,0,0,39,869,246106,261,109,42,69,75
slaw#11471,42,0,0,95,1978,571184,911,186,123,136,185
Slaw#21212,14,0,3,100,2953,209018,1529,682,186,201,196
Slaw#11600,61,0,1,358,8577,1107179,4548,1493,520,593,674
FIVE#31664,45,0,3,384,9960,2400013,4030,1800,482,611,937
five#11553,7,1431,3,244,6113,442389,3210,1191,405,417,392
Five#11831,54,0,1,357,10193,3539587,4693,1299,600,682,707
FIVE#21809,56,1773,2,469,11116,3537008,5138,2119,772,797,723
FIVE#31150,49,0,15,3783,79697,11422519,41457,8192,5595,6651,7119
five#1656,18,1060,3,63,1464,480112,939,275,95,96,131
Five#21422,6,2990,10,1086,30569,7106646,13827,5163,2075,2248,2167
Five#2507,21,2184,1,90,2556,847674,955,513,161,162,190
Five#11822,63,2328,12,1277,33740,4244062,15595,6705,2241,2290,2122
FiVE#21806,83,3270,5,121,2855,784530,1618,442,187,162,160
Five#21811,42,3204,1,65,2008,560152,517,425,74,101,161
five#21674,20,0,5,772,17927,5264260,6303,1423,1075,1201,1610
five#1769,53,0,1,152,3672,748869,1751,340,246,272,306
five#21298,82,0,0,170,4357,1276732,1295,444,229,283,374
five#1776,74,0,0,79,1778,304375,1130,262,144,139,129
FIVE#31667,88,0,0,175,3555,443860,2093,363,321,267,270
Name#12794,26,0,2,490,7981,885402,6539,1316,570,603,920
Name#12654,82,0,3,273,8340,2622870,4067,1866,405,383,359
namE#22751,17,0,0,41,1135,338200,347,235,38,53,84
Name#1518,62,0,3,984,26642,4134096,14467,6887,1834,1831,1611
Name#3721,98,0,5,911,23294,1668254,9685,4851,1256,1639,1865
name#11332,59,0,2,592,14598,462703,6792,3025,1025,1182,1154
name#12629,93,0,5,588,15545,1411460,8931,3828,989,979,967
Name#12108,18,0,1,235,6046,315477,2446,823,318,414,529
NAME#31657,95,0,0,133,2341,667600,2052,449,172,191,193
name#31782,97,0,1,215,4640,1167347,2743,1060,312,350,308
Name#21195,54,0,2,265,7004,1948808,2668,581,401,503,600
name#12256,85,0,3,510,14121,3942010,5981,2698,854,894,722
Name#1619,53,0,2,98,2729,156828,1397,643,146,238,232
NAME#31390,14,0,2,151,4466,780806,2201,1239,233,315,335
Name#31151,20,0,3,61,1387,410631,867,294,96,110,84
Name#11741,29,0,0,71,1902,357720,922,358,132,126,151
Name#31901,83,0,0,61,1484,10676,671,343,86,100,103
NAME#31266,1,0,3,265,6610,1585621,4072,1517,412,456,477
Name#31792,19,0,0,27,674,182258,420,78,58,57,40
seoulsnipers#1685,13,0,0,14,396,95240,212,69,21,28,25
Name#1269,59,0,0,134,4469,1218462,1662,740,218,256,382
Name#1526,43,0,0,94,1889,524120,869,213,127,176,129
name#31275,38,0,0,182,4747,1314430,1704,576,282,268,298
name#12426,7,0,0,12,184,34874,52,7,19,16,8
Bash#21212,10,0,8,2353,59551,16493560,21647,6933,3527,4115,3699
Bash#11979,18,2443,3,842,22128,7885784,9667,3202,1358,1393,1213
Bash#21207,63,3191,6,1435,35522,8604469,15193,4073,1840,2136,2814
Bash#21326,84,2610,8,1865,47103,7285226,20986,7478,2965,3475,4117
Bash#2872,84,2606,5,69,1494,46717,886,304,119,118,107
Bash#21220,20,0,1,43,1174,370300,405,234,37,52,92
Bash#1756,95,2608,5,1313,35570,10382919,15795,6414,2062,2078,2058
Bash#1101,8,3072,4,371,10385,3040217,4616,1564,618,611,619
Bash#1508,46,0,8,545,13909,1861970,6276,2471,981,1105,999
Bash#11208,38,2605,3,177,4703,805707,2092,805,258,283,296
Bash#21855,47,1781,6,1415,17318,1759828,16431,1069,1331,1593,2474
basH#11833,69,3131,5,819,25251,2965009,8888,4287,1168,1331,1993
Bash#11188,35,2115,4,149,3259,964259,1910,369,265,252,195
Bash#21458,76,0,5,687,18196,1997477,8644,3687,1073,1173,1174
Bash#11722,96,0,6,2520,53934,12589705,31146,5766,3493,3729,4008
Bash#11712,8,0,3,471,11764,3109234,5504,719,759,862,1022
Bash#11462,53,0,0,62,1247,296268,706,104,88,82,91
Bash#21724,67,0,2,456,11510,1503234,5051,1937,845,960,766
Bash#2105,30,0,1,204,4758,1468321,2271,775,329,362,365
Bash#21979,40,0,2,110,2680,153937,916,358,175,191,269
Bash#11844,38,0,0,71,1640,540801,1022,204,103,102,112
Bash#21470,11,0,3,399,9228,2525043,4099,1482,627,624,631
bash#11968,78,0,0,83,1673,305072,1675,247,132,118,86
Bash#11336,23,0,0,62,1196,312298,370,92,77,96,91
Bash#11328,28,0,0,73,2098,627864,773,673,75,98,168
bash#2335,67,0,1,123,3136,119382,1170,650,192,226,305
Bash#2869,53,0,0,76,1484,342279,766,85,81,137,168
BASH#31928,47,0,1,226,4776,88848,2426,616,346,350,287
Pace#21360,42,3013,2,456,12768,3758053,6003,1256,725,760,611
Pace#2882,71,2810,7,928,25981,7238731,12549,6952,1289,1461,1522
pace#11494,56,0,5,218,5092,147323,3312,1094,365,434,366
pAce#21230,25,0,2,262,7230,2402251,3411,1319,354,410,485
Pace#21227,73,0,4,495,12121,1458197,6407,2384,738,937,1024
Pace#1468,0,0,2,183,4233,194165,2549,476,300,356,328
Pace#21358,62,0,7,300,7622,15147,4063,1684,525,487,434
pace#31215,47,0,18,1048,26595,1029343,13898,3616,1483,1872,2062
sleet#31412,63,1758,0,93,1371,376547,839,100,116,136,113
Sleet#31540,80,0,2,283,6456,115767,4103,1387,456,441,428
sleet#21674,81,0,1,112,2553,123595,1538,601,156,150,142
Sleet#11297,84,0,1,392,11018,2316931,4091,1447,654,760,936
Dish#31581,63,1626,4,579,10664,2722627,6319,934,700,948,1450
DisH#31967,27,0,4,476,12805,285494,5981,2719,849,955,997
Slurp#21549,76,1793,0,29,817,294175,343,174,44,64,27
Slurp#21675,28,2842,3,118,3115,929401,1534,476,204,204,152
Slurp#21932,36,2965,3,314,6533,906435,2947,1726,304,312,406
Slurp#11816,45,1862,0,68,1968,576235,887,330,120,131,104
SLURP#11556,81,2304,0,140,3975,1243933,1745,886,192,215,304
Slurp#11809,41,0,2,243,6307,1374707,3174,1153,399,458,448
slurp#11817,83,0,0,172,4239,1386101,2118,511,279,324,365
slurp#11432,26,0,1,359,10467,3763654,2153,1131,339,585,1102
slurp#11689,85,0,0,56,1259,396439,658,114,75,107,105
Slurp#11941,19,0,1,142,3620,1046601,1778,427,202,229,230
slurp#21804,3,0,1,85,2127,622873,958,313,106,144,156
slurp#2900,19,0,3,239,6098,214547,2473,1580,313,366,362
Slurp#11939,90,0,1,145,4115,847265,2448,620,264,286,266
Slurp#11293,83,0,2,223,6008,78887,3300,1030,370,412,412
Slurp#11687,30,0,2,107,2894,759822,1009,564,147,178,239
Rust#21572,59,3003,9,1245,32524,987398,13785,5765,1752,2124,2430
Rust#21846,88,2694,4,72,1688,531913,850,343,102,105,102
Rust#3348,83,2877,2,141,3826,33286,2123,980,212,236,293
Rust#21328,50,2665,2,151,4183,363067,2132,1120,232,232,219
Rust#2790,30,2016,3,699,15669,4642553,8042,1387,1125,1257,1296
Rust#11823,13,0,3,461,9047,1679277,4892,1538,623,695,629
Rust#1496,71,0,17,5516,172391,18156167,70053,31707,8468,9711,10540
Rust#4532,87,2684,0,68,1507,435566,567,139,88,116,101
Rust#2530,92,1911,4,74,1779,501583,922,427,131,125,118
rust#31279,6,0,1,169,3497,521052,1902,825,262,215,217
RUST#21853,63,0,0,74,2235,11262,669,639,56,91,186
Rust#21199,97,0,0,77,1455,348777,1293,317,103,128,163
Rust#11191,82,0,0,110,2809,872295,1473,395,175,208,187
Rust#11188,57,0,5,686,18975,4746980,9628,2894,1165,1355,1372
rust#11449,89,0,0,202,4985,1549501,2666,962,320,373,268
Rust#21444,3,0,3,606,15795,102820,7733,3484,935,1107,1228
Rust#11822,97,0,4,514,14767,33513,5269,1888,856,970,1129
RusT#21316,62,0,7,841,18489,988945,8478,2974,1083,1333,1607
GrungyKitty#2873,8,0,2,409,9231,2583919,4413,905,527,556,555
Rust#11184,78,0,1,237,4701,737612,2474,563,289,324,385
Rust#31920,50,0,1,91,2285,12135,1097,432,159,167,171
SCAN#22518,4,2756,10,1992,49477,12001715,24447,5828,3040,3624,4266
Scan#2216,89,2641,8,441,10942,540504,5186,1876,587,782,941
Scan#1874,79,2500,1,89,2354,82645,993,411,82,158,223
Scan#22131,88,2755,2,158,4846,1645239,1978,861,269,250,233
Scan#2477,4,0,1,31,819,38500,338,167,32,46,68
SCaN#31514,25,0,1,66,1842,13462,592,339,73,117,167
Scan#3301,34,0,0,73,1709,54669,900,328,134,132,151
Flask#21718,87,0,0,60,1604,352890,677,319,97,98,85
Flask#11336,38,0,2,55,1106,302986,733,122,97,94,80
Lift#11675,55,2060,1,62,1738,571063,534,234,89,93,165
LIFT#31805,82,2492,5,545,14778,138048,5530,3490,819,921,824
Lift#11418,60,0,1,106,2415,722133,1467,208,151,178,158
Lift#11159,86,0,5,548,15060,422136,8980,3356,892,1020,950
Lift#11161,71,0,0,80,2134,670474,794,382,98,138,145
THINK#11184,86,2268,4,913,19271,4423563,10446,1645,1344,1532,1404
think#1183,16,1925,6,1569,33928,9204017,13308,2175,2180,2496,2087
Think#21950,18,0,7,888,26947,4982703,12346,4884,1359,1634,1885
THINK#31962,22,0,7,994,27269,5268344,11367,5313,1567,1744,1778
think#31575,47,0,3,297,5994,1507684,4646,1183,514,511,372
Think#31832,1,0,3,559,11841,1703390,7817,2127,879,884,950
Think#2664,59,0,0,84,2128,487080,843,202,140,140,200
think#31574,39,0,3,531,12674,714114,5891,2066,878,925,925
Think#4217,7,0,0,11,285,92904,113,63,18,18,20
Paper#11121,82,1988,0,101,2750,883681,1233,396,172,203,224
Paper#31739,50,2229,3,608,16033,4170391,7861,2699,1078,1112,1066
Paper#21992,23,2010,2,175,4175,1418155,2188,493,288,345,318
Paper#11759,96,2789,4,1120,32102,9200880,12174,7016,1349,1620,2337
Paper#31482,17,2734,5,460,11590,3188667,5591,2373,675,690,770
PAPER#31227,23,0,0,45,1387,374399,603,389,48,67,111
Paper#11227,65,1955,9,1514,37786,1735173,19364,4811,2317,2760,3391
Paper#1667,54,2477,19,4699,116152,26316057,52715,8361,7019,8414,9423
Paper#11994,39,3536,4,350,11099,3597073,4142,3070,414,479,544
paper#11496,62,2704,1,333,8491,2154614,4026,1676,432,542,645
Paper#11485,55,0,8,1511,40749,13106509,15915,3416,2525,2985,2889
Paper#1810,57,0,0,195,3210,915711,1941,216,251,282,394
Paper#11764,3,0,3,347,9896,2721221,3341,841,498,584,864
Paper#21215,94,0,7,2063,38014,8548667,20641,3355,2228,2761,3534
Paper#11769,28,903,1,74,1541,429442,640,173,151,143,145
paper#11106,39,3375,7,98,2815,180296,1061,488,137,187,225
paper#1155,63,1706,9,543,12444,3032598,6676,1891,837,836,758
paper#31863,90,1054,0,237,4394,1091740,2337,470,416,444,294
Paper#1318,97,0,8,764,20009,3833318,9459,2619,1353,1453,1270
Paper#11118,50,2888,2,62,1506,530746,880,316,93,67,52
Paper#11744,71,2443,3,508,9668,656841,5881,578,608,707,1029
Paper#11111,33,0,4,537,14806,2198944,6397,1909,882,1202,1286
PAPER#11237,91,0,2,317,7113,665297,4349,1622,457,492,422
Paper#21605,95,0,2,174,4554,1246396,2201,831,275,313,348
PAPER#21863,76,4354,2,148,4186,1309275,1261,746,165,231,373
Paper#1162,39,0,4,1174,17131,720745,15735,1958,1279,1258,2053
Paper#11752,56,0,2,604,13064,2205893,6684,1937,1007,1022,961
Paper#31997,81,0,0,71,1715,475527,986,308,141,108,88
paper#11357,92,0,2,632,15471,3370662,7309,1729,1136,1242,1162
Paper#11895,18,0,0,39,812,246138,323,150,29,45,43
Paper#11751,17,0,3,524,9258,1804690,7457,1560,698,681,830
Paper#11898,18,0,0,42,1299,366323,320,183,54,88,95
Paper#11505,14,0,4,85,2113,607721,635,252,128,122,150
Paper#21859,71,0,0,42,750,192097,383,98,40,62,94
Paper#31218,22,0,2,373,8196,590265,5277,2131,595,622,575
Paper#21602,55,0,4,591,18455,1623012,5967,3517,778,1097,1714
Paper#11890,1,0,1,271,7206,2081860,2439,1464,343,436,603
PAPER#11613,65,0,3,250,5242,634009,2762,774,291,367,482
Paper#1419,35,0,2,343,9627,1177070,4732,1947,505,572,647
Paper#1427,93,0,4,1515,41125,8825392,16016,6879,2170,2331,2571
Paper#21732,12,0,2,142,3240,868784,1417,271,196,249,270
Swoop#1183,15,0,5,955,28089,1796703,11681,6918,1167,1495,1899
Swoop#21847,83,2112,4,769,19044,5809235,10045,3603,1289,1238,1058
SwOoP#11196,62,0,7,635,17365,3223218,7828,3038,936,1069,1118
Swoop#11456,45,2880,0,71,1925,622598,860,335,104,110,125
Swoop#1432,33,2450,3,818,26443,6001647,9513,4361,1034,1305,2156
Swoop#11841,39,2139,6,285,7753,888351,3500,1197,452,516,491
Swoop#2263,25,0,1,144,3562,1007820,1681,310,213,279,316
Swoop#21845,14,0,2,156,3078,469924,1984,372,198,244,360
Swoop#1814,40,0,3,656,15934,2289764,6881,2043,1003,1014,915
Swoop#1697,6,0,6,473,9905,102079,5514,1416,646,641,728
Swoop#1554,14,0,0,20,457,170447,283,73,30,25,38
Sepia#21154,79,2001,11,1441,27189,6145648,15721,1934,1871,2244,2752
Sepia#21413,59,3166,0,66,1973,624035,671,363,73,107,170
Sepia#2167,57,0,0,60,1251,29041,924,218,82,101,112
Taps#3781,43,2726,4,505,13601,14820,6795,3017,815,935,957
name#31662,64,1563,1,329,7884,2157410,3636,1744,618,660,536
NAME#31534,71,2595,1,201,5640,1757673,2583,904,312,360,367
Name#11433,27,1703,3,218,4857,1459411,2713,929,365,329,323
Name#12411,13,2815,4,716,17725,5123812,8622,2388,1040,1271,1448
Name#31411,65,1661,0,56,906,270528,619,128,65,100,88
Name#31528,7,2950,2,97,2614,678975,1262,609,153,156,167
Name#21216,56,2374,4,143,3670,1162368,1880,777,234,222,212
name#31531,68,2623,1,32,797,198820,482,137,49,40,70
Name#12438,53,3020,1,109,3079,946095,772,530,156,156,138
NAME#31537,14,0,3,401,9720,2434356,4880,2218,632,670,631
Name#12170,74,3227,0,25,512,139452,202,20,27,36,43
name#31664,35,1649,1,147,3411,873770,2424,639,267,259,222
Name#21702,13,4023,9,201,5611,626872,2860,1204,310,384,388
name#11443,15,1975,1,207,4984,777126,1991,664,289,353,390
Name#1882,5,2484,10,1690,39045,9324027,24340,4994,2726,2699,2369
Name#1493,67,0,2,203,4275,1290481,2852,613,284,313,337
Name#12416,41,2401,5,403,11171,3562293,5570,1973,651,754,685
name#22625,57,3126,0,108,2729,815375,969,392,171,192,218
NAME#11722,4,3872,13,782,21479,2207053,9487,4551,1201,1437,1799
NAME#31407,6,0,14,537,12259,465726,7762,2553,927,1057,797
Name#31650,35,0,3,658,12170,2630596,5208,3255,956,974,894
NAME#12189,28,1735,0,68,1182,291869,1118,156,98,116,100
NAME#11864,62,2823,8,2105,60397,4477063,26769,10946,3312,3838,4309
NAME#31517,3,2850,6,483,12941,2105468,6443,2950,746,898,1124
name#12930,74,1977,1,81,2023,390394,1124,477,108,130,138
NAME#31146,87,3006,1,92,2975,834802,1207,576,146,183,231
Name#31154,30,0,0,63,1551,415039,698,445,73,77,89
name#12570,48,3399,0,66,1759,533188,616,354,58,56,133
Name#21191,61,0,4,718,19866,5693054,9891,3661,1027,1401,1611
NAME#22494,58,2336,0,101,3060,930493,1170,596,118,173,215
NAME#22232,70,1121,1,168,3279,915208,2036,747,254,227,220
Name#31521,16,0,2,269,7016,1670670,4261,1399,483,505,466
name#12508,56,2088,4,251,7004,1477991,3292,1743,381,420,485
name#31797,82,3222,10,473,12059,2642603,5266,1628,817,839,877
NAME#31378,66,2453,3,415,10799,91439,5327,2642,588,662,808
Name#12675,83,0,1,222,6231,1747457,2493,1133,390,413,391
name#1355,17,1920,6,803,18389,5280696,8587,2192,1259,1250,1288
Name#12877,78,0,1,238,5838,1422098,2908,1112,343,333,412
name#31912,12,0,0,16,254,64709,167,44,8,13,16
Name#12534,97,1839,2,763,20115,5876624,7521,3570,1214,1300,1146
Name#12691,56,2756,0,78,2090,742812,581,268,55,121,180
Name#12262,92,0,0,77,1589,166022,890,225,117,120,102
Name#21559,14,2811,5,643,17493,3161030,7850,3448,1088,1150,1118
name#31652,97,0,3,222,5677,1304410,3485,1190,305,393,383
name#31663,76,1723,1,131,1372,331772,1767,188,127,149,161
name#31143,95,0,0,88,2156,553471,1136,463,142,135,130
name#12231,70,0,1,155,3620,355103,2542,831,287,302,300
Name#31272,76,0,0,107,3107,861111,1422,761,131,189,314
name#31636,93,0,2,445,12602,1376840,5699,2643,769,815,871
Name#31538,34,2566,0,59,1367,371863,624,192,112,118,129
Name#21586,9,0,6,468,10028,451273,5915,1874,743,796,902
name#31134,51,0,4,395,8942,955952,5495,2261,638,698,753
NAME#31410,40,0,0,67,2172,557672,859,587,75,93,161
Name#31251,31,0,3,312,8454,310780,3456,2550,457,535,647
name#11475,92,0,6,838,20725,2504656,11133,5645,1241,1329,1277
name#21221,78,0,1,502,10511,3034883,5470,2065,824,998,888
name#11612,45,0,10,180,4057,232708,2248,1108,290,270,220
ANAIS#31729,89,1761,0,69,1896,502781,933,338,111,135,108
name#31783,55,2148,5,698,17515,4643988,9187,4493,1111,1014,847
NAME#1385,28,0,3,473,10865,436816,5259,2003,760,770,777
Name#31252,11,0,1,247,5478,249918,3103,990,383,467,472
Name#22745,8,0,2,43,1372,363099,773,307,70,66,91
Name#21337,34,0,2,565,11327,3385686,8548,2227,891,837,807
Sugar#2143,15,2309,5,558,13843,169748,5919,2873,823,961,1021
Sugar#22484,21,0,2,640,18349,5394671,10065,3100,1082,1186,1102
Sugar#31651,42,0,7,691,14656,3427063,6822,1712,974,989,1164
Sugar#12938,12,0,9,1327,37830,6354042,18156,5981,2142,2363,2582
sugar#22638,86,0,4,504,9688,3186819,6607,1602,749,710,593
Sugar#12543,43,0,0,49,1373,444649,791,119,106,101,126
Sugar#22744,76,2419,1,168,3680,1085425,2306,574,243,236,226
SUGAR#31913,44,2477,4,36,704,174635,260,112,40,52,42
Sugar#12423,8,2971,5,108,3043,1030929,1109,620,140,160,224
sugar#31374,8,1681,7,574,11803,321298,7453,2664,946,978,866
Sugar#22118,64,2997,0,64,1158,284424,580,104,65,91,105
Sugar#12239,62,0,4,851,19346,2643978,12016,4346,1394,1558,1639
Sugar#22599,84,2822,9,2600,44261,5963748,31444,3509,2963,3262,5456
Sugar#12385,30,0,9,1446,33090,9036479,16119,1853,2333,2886,2765
Sugar#31128,23,0,3,857,16358,3157637,8838,2178,1153,1144,1270
Sugar#31761,58,0,2,403,9282,1115215,6233,1890,690,660,546
sugar#31640,59,0,8,705,16423,392045,7608,4034,994,1075,937
sugar#2816,15,0,1,307,5073,594244,3962,718,440,420,330
SUGAR#31124,57,0,6,1337,27597,5865853,16940,4231,1738,2079,2585
sugar#12487,67,0,8,1723,24966,2197709,17610,2303,1464,1742,3698
Sugar#22742,34,0,4,544,14996,2574366,7525,2491,809,1098,1506
sugar#12760,61,0,2,415,10760,2486419,4383,1250,739,737,689
SUGAR#22228,93,0,5,208,4703,955860,2680,695,315,335,298
sugar#12920,25,0,5,1378,36573,2272416,13015,4500,1979,2656,3181
Sugar#31398,57,0,2,560,14325,3864570,6696,2965,912,952,881
Sugar#12789,61,0,14,2521,43714,10872823,28846,8001,2758,2700,3771
Sugar#12687,96,0,1,371,5974,1765996,3878,657,459,444,464
SugAr#31136,71,0,2,367,5675,212561,4469,984,487,462,602
sugar#12813,32,0,0,41,1100,279627,384,282,43,58,79
Sugar#31905,73,0,1,273,7353,1721161,3633,1363,479,526,586
Sugar#22506,51,0,0,38,968,281171,614,262,53,77,67
sugar#12665,31,0,5,1171,24826,2565927,11481,4161,1661,1825,2248
Sugar#22112,30,2909,1,83,2175,670005,1145,505,120,147,165
Sugar#12640,98,0,2,419,7465,224066,4160,946,546,538,762
sugar#31911,43,0,2,168,3753,950305,2164,677,279,241,206
Sugar#12354,88,0,3,769,19251,494169,9262,4078,1205,1338,1322
sugar#22113,80,0,0,120,2602,728631,1687,405,197,186,181
Sugar#31893,6,0,4,81,2197,61771,918,566,94,139,144
Soldier#12372,50,0,1,128,3175,507557,1451,634,215,209,206
soldier#31884,71,0,4,301,7797,554883,3850,1752,482,589,637
Soldier#22771,10,0,0,9,330,105810,45,77,8,13,35
soldier#31760,16,0,3,466,12136,15690,5844,2569,761,899,799
Soldier#12777,54,0,0,128,3607,1364006,1261,400,237,218,295
Slayer#17744,17,0,0,28,881,363325,347,70,91,56,33
Soldier#12389,55,0,0,70,1948,647972,654,464,74,91,145
Soldier#31478,44,0,3,334,8346,414634,5014,1881,552,605,502
soldier#22126,16,0,0,28,955,278463,240,80,31,66,78
soldier#31906,35,0,2,125,2869,71610,1146,644,158,188,202
SolDier#31279,19,0,5,105,2400,228763,1283,478,168,202,286
soldier#11644,86,0,5,934,24180,296804,12990,6122,1518,1589,1741
soldier#31252,17,0,9,272,7218,24649,4499,1739,409,456,520
SOLDIER#31249,26,0,3,444,11063,894044,4871,1997,683,882,1128
soldier#12390,8,0,0,8,204,55301,56,38,10,8,27
SOLDIER#31280,17,0,0,33,923,270023,402,254,41,41,73
Soldier#31745,56,0,4,1428,29814,1768305,16266,5171,2089,2352,2377
soldier#12718,47,0,2,229,5379,166745,2651,1581,400,400,447
Soldier#12775,14,0,0,31,1071,390994,144,186,43,31,119
Soldier#31116,14,0,2,448,14115,2064228,4635,2635,668,852,1388
soldier#31655,24,0,3,637,14905,3410908,8289,3544,926,956,811
soldier#31152,11,0,2,609,13190,3255817,7566,2917,886,986,1047
Soldier#11271,26,0,4,742,20063,466931,9940,3999,1109,1311,1335
soldier#31802,31,0,0,72,1519,416985,496,375,44,81,144
Soldier#12105,39,0,5,200,4604,819183,2895,1010,301,270,283
SOLDIER#11522,90,0,4,180,4763,349042,2534,981,272,279,376
soldier#31868,63,0,3,779,23100,94710,9015,5059,1186,1397,1594
Soldier#22362,60,0,0,85,2627,814538,1067,469,114,116,218
Soldier#2929,48,0,1,222,5574,1763840,3350,1190,415,512,477
Soldier#31396,67,0,1,66,1698,25113,679,304,78,140,211
Soldier#31277,69,0,4,79,1855,130612,712,379,98,114,107
SOLDIER#22368,6,0,0,4,75,21139,67,10,7,5,4
Soldier#12644,9,0,0,15,451,126629,113,106,16,24,37
Soldier#12900,91,0,0,119,3472,1000420,1400,711,267,227,241
Soldier#31929,16,0,0,7,241,55728,9,87,2,6,19
Soldier#22630,2,0,1,60,1421,418641,763,206,104,72,109
soldier#22763,34,0,1,85,2016,348539,1224,323,172,178,169
